"season_order","gp","gs","w","l","sv","bs","hld","outs","tbf","h","r","er","hr","k","bb","ibb","hbp","cg","sho","wp","bk","era","whip","k_percent","bb_percent","babip","player_id"
447,NYY,1,1,0,0,0,0,1,3,5,1,1,1,1,1,1,0,0,0,0,0,0,0,0,0,0,5
448,HOU,1,37,6,0,6,0,46,138,208,57,27,26,6,38,19,1,3,0,0,4,0,0,0,0,0,5
449,CLE,1,26,0,0,0,0,35.1,106,152,38,19,18,3,28,16,1,0,0,0,2,0,0,0,0,0,5
449,OAK,2,1,0,0,0,0,2,6,10,4,2,2,0,1,0,0,0,0,0,0,0,0,0,0,0,5
450,BOS,1,69,0,2,10,25,84,252,361,80,51,50,11,75,31,2,6,0,0,3,1,0,0,0,0,5
451,NYM,1,45,0,1,3,1,47.1,142,216,48,38,34,7,46,25,1,3,0,0,2,0,0,0,0,0,5
452,TEX,1,61,0,5,3,1,52.1,157,228,56,21,19,4,45,17,1,3,0,0,2,0,0,0,0,0,5
453,KCR,1,12,2,0,3,0,34.2,104,148,37,13,9,4,22,13,2,1,0,0,0,0,0,0,0,0,5
454,SFG,1,67,0,1,2,3,63.1,190,267,57,23,19,1,57,23,1,3,0,0,5,0,0,0,0,0,5
455,ARI,1,3,0,0,0,0,3,9,15,5,3,3,1,2,0,0,1,0,0,0,1,0,0,0,0,5
456,BOS,1,40,0,2,0,0,39.1,118,157,30,14,10,6,25,15,3,1,0,0,0,0,0,0,0,0,5
456,ARI,2,23,0,1,1,0,21,63,84,16,7,6,3,19,7,0,1,0,0,1,0,0,0,0,0,5
457,DET,1,8,0,0,0,0,13.1,40,53,6,1,1,0,18,8,0,0,0,0,0,1,0,0,0,0,5
458,CLE,1,27,0,0,1,0,29,87,126,29,12,12,2,27,15,0,0,0,0,0,0,0,0,0,0,5
459,TOR,1,31,31,9,14,0,187.1,562,807,216,110,101,29,79,54,2,3,1,1,3,1,0,0,0,0,5
460,HOU,1,18,0,1,1,0,19.1,58,83,14,9,9,0,22,11,2,2,0,0,4,0,0,0,0,0,5
461,OAK,1,6,6,4,2,0,35,105,137,29,11,10,1,25,7,1,1,0,0,1,0,0,0,0,0,5
462,TBR,1,6,4,1,3,0,29.1,88,122,23,17,15,3,36,13,0,1,0,0,2,0,0,0,0,0,5
463,CIN,1,66,0,6,2,1,61,183,263,50,26,20,7,62,34,2,1,0,0,0,2,0,0,0,0,5
464,BAL,1,24,18,3,9,0,114.2,344,496,122,82,79,16,109,35,3,5,0,0,4,0,0,0,0,0,5
465,CIN,1,32,32,12,10,0,202,606,835,209,86,84,26,129,35,1,5,1,1,3,0,0,0,0,0,5
466,CLE,1,18,0,1,1,0,25.2,77,108,27,17,17,4,21,8,0,1,0,0,3,0,0,0,0,0,5
466,CHC,2,12,0,0,0,0,14.2,44,67,12,6,5,1,8,11,1,0,0,0,0,0,0,0,0,0,5
467,BOS,1,42,0,2,1,0,51.1,154,200,42,10,9,2,36,9,3,0,0,0,2,0,0,0,0,0,5
468,PHI,1,18,0,0,1,2,14.2,44,65,10,6,6,0,14,9,1,1,0,0,2,0,0,0,0,0,5
469,ATL,1,31,0,1,0,0,36,108,142,27,9,8,1,33,10,1,1,0,0,3,1,0,0,0,0,5
470,CHW,1,14,7,2,2,0,51,153,231,56,32,31,8,40,21,0,4,0,0,1,0,0,0,0,0,5
471,MIL,1,75,0,5,8,35,69.1,208,310,61,42,36,10,93,39,2,2,0,0,10,0,0,0,0,0,5
472,BAL,1,66,0,5,5,1,75,225,320,81,27,22,7,51,14,3,4,0,0,2,0,0,0,0,0,5
473,TBR,1,66,0,3,2,0,62.1,187,262,63,24,21,6,42,12,5,1,0,0,1,0,0,0,0,0,5
474,BOS,1,19,0,1,1,6,15.1,46,74,21,12,12,2,14,8,2,0,0,0,0,1,0,0,0,0,5
475,CIN,1,33,33,13,10,0,208,624,874,206,97,85,26,168,52,3,8,2,1,3,0,0,0,0,0,5
476,DET,1,11,0,2,0,0,18,54,83,14,14,13,5,12,11,1,3,0,0,4,0,0,0,0,0,5
477,OAK,1,75,0,3,2,24,74.2,224,289,41,21,21,4,72,28,2,1,0,0,2,0,0,0,0,0,5
478,BOS,1,17,10,5,6,0,59.1,178,277,60,42,41,9,38,43,1,8,0,0,1,2,0,0,0,0,5
479,CLE,1,16,0,0,0,0,19,57,82,17,9,9,1,16,7,0,3,0,0,2,0,0,0,0,0,5
480,SDP,1,24,15,2,8,1,97,291,411,89,59,51,10,80,39,3,1,1,0,5,1,0,0,0,0,5
481,PHI,1,65,0,2,5,1,52,156,224,40,26,25,7,81,26,3,2,0,0,5,0,0,0,0,0,5
482,NYM,1,30,5,1,3,0,46.2,140,220,53,28,25,5,34,31,0,1,0,0,1,0,0,0,0,0,5
482,ATL,2,5,0,0,0,0,6,18,24,5,2,2,1,2,2,1,0,0,0,0,0,0,0,0,0,5
483,ARI,1,4,4,1,2,0,16.1,49,77,14,13,11,2,17,13,0,1,0,0,2,0,0,0,0,0,5
484,ATL,1,13,13,5,5,0,81,243,319,49,24,18,6,68,29,1,1,1,1,4,0,0,0,0,0,5
485,NYM,1,7,0,0,0,0,4.1,13,20,5,5,5,1,5,2,0,0,0,0,1,0,0,0,0,0,5
485,BOS,2,4,0,1,0,0,7.2,23,31,6,4,4,0,7,3,0,1,0,0,0,0,0,0,0,0,5
486,SEA,1,26,26,11,11,0,152.1,457,638,168,76,75,23,67,24,0,10,0,0,3,0,0,0,0,0,5
487,TOR,1,14,0,0,0,0,15.2,47,72,21,12,11,2,9,5,0,0,0,0,1,1,0,0,0,0,5
488,BOS,1,21,21,5,11,0,127.1,382,547,131,75,74,16,94,38,2,5,0,0,4,0,0,0,0,0,5
488,LAD,2,7,7,2,3,0,43,129,183,43,16,14,5,38,14,4,0,0,0,1,0,0,0,0,0,5
489,PIT,1,24,24,7,14,0,125.2,377,557,129,76,70,14,118,56,2,3,0,0,1,1,0,0,0,0,5
490,LAD,1,68,0,8,1,1,71,213,286,47,22,20,3,69,29,4,4,0,0,1,0,0,0,0,0,5
491,COL,1,80,0,3,8,3,80,240,348,91,36,33,5,69,18,6,3,0,0,1,1,0,0,0,0,5
492,CHC,1,22,0,1,0,0,17.2,53,86,21,9,9,5,17,12,1,1,0,0,1,1,0,0,0,0,5
493,MIA,1,73,0,4,5,19,63.2,191,286,70,38,36,5,59,29,3,2,0,0,2,0,0,0,0,0,5
494,DET,1,27,1,2,1,0,46.1,139,189,49,25,20,6,29,8,0,1,0,0,1,1,0,0,0,0,5
495,DET,1,73,0,5,3,2,71,213,288,59,31,29,14,84,22,2,1,0,0,2,0,0,0,0,0,5
496,ARI,1,19,0,2,1,0,29.2,89,121,29,14,12,2,18,7,0,1,0,0,2,0,0,0,0,0,5
497,BAL,1,1,0,0,0,0,1,3,10,6,7,2,2,0,1,0,0,0,0,0,0,0,0,0,0,5
497,CHC,2,4,4,0,3,0,18.2,56,85,23,14,10,3,11,6,0,1,0,0,1,0,0,0,0,0,5
498,COL,1,60,0,1,4,31,57.2,173,236,53,19,18,6,57,12,4,0,0,0,0,1,0,0,0,0,5
499,LAD,1,25,25,10,9,0,149.2,449,634,148,66,59,11,128,45,2,5,0,0,5,0,0,0,0,0,5
500,MIN,1,19,19,4,9,0,98.2,296,456,143,81,81,23,42,26,0,1,0,0,2,0,0,0,0,0,5
501,SFG,1,4,0,0,0,0,5,15,25,7,6,5,0,2,2,0,0,0,0,1,0,0,0,0,0,5
501,OAK,2,24,15,6,4,0,102.2,308,419,91,47,44,10,69,30,1,3,0,0,6,3,0,0,0,0,5
502,PHI,1,21,20,8,9,0,133.1,400,560,141,74,68,22,115,18,2,3,2,1,4,0,0,0,0,0,5
502,LAD,2,10,10,2,4,0,57.2,173,246,66,32,32,7,51,16,3,0,0,0,1,0,0,0,0,0,5
503,OAK,1,63,0,5,1,1,65.1,196,261,45,20,18,7,54,25,5,5,0,0,2,0,0,0,0,0,5
504,STL,1,78,0,4,1,0,73.1,220,296,56,20,18,5,58,21,3,4,0,0,0,0,0,0,0,0,5
505,HOU,1,1,0,0,0,0,1,3,7,3,2,2,1,0,0,0,0,0,0,0,0,0,0,0,0,5
506,BOS,1,2,0,0,0,0,3,9,11,2,1,1,1,3,1,0,0,0,0,0,0,0,0,0,0,5
506,CHC,2,30,0,0,0,0,36.2,110,154,30,12,12,4,29,16,1,1,0,0,1,0,0,0,0,0,5
507,SDP,1,24,0,0,0,0,27.2,83,120,22,12,8,3,33,18,1,2,0,0,0,0,0,0,0,0,5
508,SDP,1,67,0,2,4,0,66.2,200,280,50,28,28,11,75,33,7,2,0,0,4,0,0,0,0,0,5
509,CIN,1,14,0,0,0,0,8.2,26,43,6,5,5,2,7,14,0,0,0,0,0,0,0,0,0,0,5
510,ARI,1,40,0,2,0,0,43.1,130,180,38,15,13,5,42,13,0,1,0,0,1,0,0,0,0,0,5
510,BOS,2,23,0,1,0,0,20,60,81,14,7,6,0,19,9,2,1,0,0,1,0,0,0,0,0,5
511,BAL,1,12,11,5,3,0,60.1,181,270,61,37,34,6,53,32,3,2,0,0,4,0,0,0,0,0,5
512,COL,1,75,0,8,2,0,67.2,203,295,63,33,29,5,83,37,7,1,0,0,5,1,0,0,0,0,5
513,STL,1,22,0,1,3,0,19.1,58,84,18,11,11,2,11,7,0,0,0,0,1,1,0,0,0,0,5
514,KCR,1,35,0,1,2,23,35.2,107,151,36,11,9,1,25,14,0,2,0,0,0,0,0,0,0,0,5
514,CIN,2,25,0,3,3,4,22.1,67,87,20,7,7,1,20,3,0,1,0,0,0,0,0,0,0,0,5
515,PHI,1,1,0,0,0,0,0.2,2,4,2,0,0,0,2,0,0,0,0,0,0,0,0,0,0,0,5
516,CHW,1,1,0,1,0,0,1,3,5,0,0,0,0,2,2,0,0,0,0,0,0,0,0,0,0,5
517,BOS,1,29,29,11,8,0,189.1,568,802,187,104,96,25,129,64,2,12,2,1,2,2,0,0,0,0,5
518,MIA,1,31,31,13,13,0,202.1,607,828,197,88,84,26,125,40,3,4,1,0,2,0,0,0,0,0,5
519,KCR,1,18,0,1,1,0,17.1,52,69,16,4,3,0,7,2,1,1,0,0,0,0,0,0,0,0,5
520,SFG,1,32,32,16,11,0,208.1,625,849,183,87,78,23,191,49,6,7,2,1,3,2,0,0,0,0,5
521,BAL,1,2,0,0,0,0,1.2,5,6,1,0,0,0,0,1,0,0,0,0,0,0,0,0,0,0,5
522,PIT,1,31,31,16,10,0,202.1,607,851,189,86,79,18,180,62,1,9,1,1,10,0,0,0,0,0,5
523,MIN,1,67,0,4,4,0,71.2,215,309,71,33,28,4,36,26,5,3,0,0,6,0,0,0,0,0,5
524,WSN,1,70,0,1,2,2,56.2,170,239,58,16,15,4,57,12,3,3,0,0,2,0,0,0,0,0,5
525,SDP,1,17,0,0,1,0,18,54,92,26,11,11,1,18,10,1,1,0,0,1,0,0,0,0,0,5
526,MIN,1,64,0,3,2,5,62,186,245,41,21,15,5,55,16,1,5,0,0,0,0,0,0,0,0,5
527,MIN,1,1,0,0,0,0,1,3,4,0,0,0,0,1,1,0,0,0,0,1,0,0,0,0,0,5
528,NYM,1,56,0,2,2,0,30.2,92,125,18,16,15,2,34,18,5,1,0,0,0,0,0,0,0,0,5
529,CHC,1,25,0,1,1,0,21.2,65,99,16,15,13,1,27,18,1,1,0,0,5,0,0,0,0,0,5
530,COL,1,2,2,0,2,0,5.2,17,33,9,9,7,3,5,7,1,0,0,0,0,0,0,0,0,0,5
531,ARI,1,32,32,13,12,0,200,600,839,184,93,84,16,156,74,0,11,2,1,10,2,0,0,0,0,5
532,SFG,1,32,32,16,5,0,219.1,658,876,177,73,68,21,193,51,1,9,2,2,8,0,0,0,0,0,5
533,CHC,1,80,0,3,6,2,77.2,233,327,79,32,31,7,54,21,4,0,0,0,1,0,0,0,0,0,5
534,SEA,1,18,0,0,0,0,25,75,109,25,11,11,0,28,11,0,0,0,0,1,0,0,0,0,0,5
535,MIN,1,30,0,1,4,14,29.1,88,120,28,13,12,5,18,4,1,0,0,0,3,0,0,0,0,0,5
536,LAD,1,33,33,12,12,0,198.1,595,817,188,91,82,25,162,54,4,2,0,0,6,0,0,0,0,0,5
537,OAK,1,11,0,1,1,0,9.2,29,44,8,5,5,0,8,10,0,0,0,0,1,0,0,0,0,0,5
538,BOS,1,8,0,1,0,0,6,18,34,7,6,6,1,2,10,2,0,0,0,2,0,0,0,0,0,5
538,STL,2,3,3,0,2,0,17,51,72,16,7,7,2,12,3,0,2,0,0,0,0,0,0,0,0,5
539,HOU,1,30,0,0,2,0,29.2,89,143,43,21,20,4,27,14,3,1,0,0,2,0,0,0,0,0,5
539,TOR,2,3,0,0,0,0,2.2,8,20,8,10,9,1,4,2,1,1,0,0,0,0,0,0,0,0,5
540,LAA,1,28,0,1,2,0,39.2,119,172,42,21,21,6,28,17,0,0,0,0,2,0,0,0,0,0,5
541,TOR,1,6,0,0,0,0,9,27,40,7,5,5,4,9,6,0,0,0,0,1,0,0,0,0,0,5
542,NYM,1,4,0,0,0,0,3.2,11,18,6,3,3,2,3,0,0,1,0,0,1,0,0,0,0,0,5
543,TOR,1,11,2,0,2,0,22,66,97,22,15,15,7,16,14,0,0,0,0,0,0,0,0,0,0,5
544,NYM,1,17,0,0,0,0,13.1,40,57,13,7,7,2,5,4,0,2,0,0,0,0,0,0,0,0,5
545,SDP,1,33,5,3,4,0,46.1,139,196,42,23,22,5,52,19,1,1,0,0,2,0,0,0,0,0,5
546,SFG,1,73,0,7,6,25,63.1,190,272,55,24,20,8,55,22,4,2,0,0,1,0,0,0,0,0,5
547,LAA,1,4,0,1,0,0,5,15,29,5,4,4,2,2,6,1,1,0,0,0,0,0,0,0,0,5
548,CHC,1,13,0,0,1,0,16,48,88,24,16,14,2,13,12,0,3,0,0,2,0,0,0,0,0,5
549,TOR,1,21,9,2,4,0,61.1,184,270,70,40,39,11,51,23,0,3,0,0,0,0,0,0,0,0,5
550,HOU,1,44,0,0,1,1,31,93,138,30,15,13,3,36,14,1,1,0,0,3,0,0,0,0,0,5
551,COL,1,14,14,3,5,0,69,207,314,80,35,34,10,45,32,0,2,0,0,3,0,0,0,0,0,5
552,NYY,1,22,0,1,0,0,20.2,62,95,26,11,10,3,22,6,2,2,0,0,0,0,0,0,0,0,5
553,CIN,1,68,0,5,5,38,71.2,215,276,35,13,12,4,122,23,0,4,0,0,4,0,0,0,0,0,5
554,CHC,1,14,0,0,1,0,12,36,50,8,5,5,0,12,10,2,0,0,0,0,0,0,0,0,0,5
555,COL,1,19,12,5,6,1,64.2,194,294,74,43,39,9,41,33,2,0,0,0,4,0,0,0,0,0,5
556,TOR,1,9,2,1,1,0,21.1,64,102,25,22,20,6,27,10,1,2,0,0,0,0,0,0,0,0,5
556,OAK,2,4,0,0,0,0,3.1,10,21,9,7,7,1,3,1,0,1,0,0,1,0,0,0,0,0,5
557,KCR,1,34,34,11,14,0,191.2,575,827,215,114,108,33,140,47,3,8,0,0,5,0,0,0,0,0,5
558,BAL,1,32,32,12,11,0,192.2,578,818,186,97,86,29,154,57,0,5,0,0,2,1,0,0,0,0,5
559,MIA,1,44,0,0,0,1,25.1,76,104,16,11,7,0,27,9,0,3,0,0,2,0,0,0,0,0,5
559,LAD,2,36,0,0,0,0,13.1,40,64,13,7,6,1,11,9,3,2,0,0,0,0,0,0,0,0,5
560,MIL,1,7,0,1,0,0,9,27,48,17,10,10,0,10,4,1,0,0,0,0,0,0,0,0,0,5
561,CIN,1,3,0,0,0,0,5,15,22,4,1,1,1,9,2,0,0,0,0,0,0,0,0,0,0,5
562,MIA,1,68,0,5,2,15,63.2,191,275,54,26,19,3,68,29,6,6,0,0,1,1,0,0,0,0,5
563,STL,1,9,0,0,0,0,9,27,41,13,7,7,4,15,2,0,1,0,0,0,0,0,0,0,0,5
564,WSN,1,74,0,2,6,32,72.2,218,307,55,32,30,7,84,29,2,2,0,0,5,0,0,0,0,0,5
565,PHI,1,6,6,2,2,0,33,99,138,33,18,18,8,30,7,0,2,0,0,0,0,0,0,0,0,5
566,TBR,1,23,23,11,9,0,136.1,409,569,130,67,61,11,106,40,2,9,2,1,8,1,0,0,0,0,5
567,TOR,1,6,0,0,1,0,6.1,19,33,10,9,9,2,11,4,0,1,0,0,0,0,0,0,0,0,5
568,LAD,1,23,0,1,0,0,19.1,58,83,17,11,10,1,18,9,1,2,0,0,1,0,0,0,0,0,5
569,DET,1,66,0,2,3,1,54,162,245,71,28,24,5,51,18,4,1,0,0,3,0,0,0,0,0,5
570,CHC,1,17,1,0,2,0,24.1,73,119,37,20,20,5,16,12,0,0,0,0,1,0,0,0,0,0,5
571,KCR,1,42,0,0,0,0,51,153,217,41,23,21,10,65,26,3,1,0,0,1,0,0,0,0,0,5
572,KCR,1,72,0,5,4,0,69.2,209,295,55,29,26,8,93,34,8,2,0,0,3,0,0,0,0,0,5
573,ARI,1,28,11,5,3,0,90.1,271,375,92,39,37,13,80,22,2,0,0,0,1,0,0,0,0,0,5
574,OAK,1,24,24,10,9,0,152.1,457,636,161,62,58,17,91,23,3,1,0,0,0,0,0,0,0,0,5
575,KCR,1,3,0,0,0,0,8,24,37,12,6,6,0,3,3,0,0,0,0,1,0,0,0,0,0,5
576,PHI,1,17,0,1,0,0,13.2,41,56,13,10,8,1,15,3,0,1,0,0,0,0,0,0,0,0,5
577,BOS,1,18,18,4,11,0,94,282,411,117,68,59,15,20,21,1,1,1,1,2,0,0,0,0,0,5
578,OAK,1,71,0,6,2,14,73.1,220,288,42,18,17,4,80,27,4,4,0,0,4,0,0,0,0,0,5
579,ARI,1,22,17,6,8,1,107,321,454,117,56,54,14,86,25,2,4,0,0,1,0,0,0,0,0,5
580,TOR,1,41,0,3,5,2,34.1,103,160,48,24,22,7,26,14,3,1,0,0,4,0,0,0,0,0,5
580,HOU,2,6,0,0,3,0,5,15,32,13,11,11,2,5,4,1,1,0,0,1,0,0,0,0,0,5
581,CHC,1,48,0,0,2,0,46.2,140,205,50,27,26,7,28,16,3,5,0,0,1,0,0,0,0,0,5
582,PIT,1,32,28,12,11,0,171,513,728,176,89,80,20,89,46,2,3,0,0,2,0,0,0,0,0,5
583,CHW,1,51,0,2,3,0,48,144,194,29,14,13,5,60,23,1,1,0,0,4,0,0,0,0,0,5
584,TOR,1,10,0,0,0,0,8,24,36,10,6,6,3,5,4,1,1,0,0,0,1,0,0,0,0,5
585,DET,1,3,3,1,1,0,12.1,37,59,15,13,13,2,9,11,0,0,0,0,1,0,0,0,0,0,5
586,KCR,1,73,0,3,1,2,64.2,194,260,54,27,25,4,65,22,2,1,0,0,4,0,0,0,0,0,5
587,PIT,1,43,0,1,1,3,35.2,107,162,39,12,11,3,33,19,0,3,0,0,1,0,0,0,0,0,5
588,HOU,1,52,0,1,1,0,55,165,253,65,38,37,8,46,29,0,2,0,0,3,0,0,0,0,0,5
589,CIN,1,33,33,19,9,0,217,651,888,205,73,67,15,170,49,5,12,2,0,1,3,0,0,0,0,5
590,CHW,1,9,9,3,4,0,53.2,161,238,57,35,34,7,30,23,0,1,0,0,5,0,0,0,0,0,5
591,TEX,1,29,29,16,9,0,191.1,574,816,156,89,83,14,221,89,1,10,0,0,8,0,0,0,0,0,5
592,BAL,1,1,0,1,0,0,2,6,8,2,0,0,0,2,1,0,0,0,0,0,0,0,0,0,0,5
593,TBR,1,54,0,3,0,0,70.1,211,284,48,20,19,5,87,29,2,0,0,0,2,0,0,0,0,0,5
594,PHI,1,13,0,0,0,0,10.2,32,44,7,5,4,0,8,5,1,0,0,0,1,0,0,0,0,0,5
595,TBR,1,5,0,0,0,0,5,15,22,7,7,7,2,5,2,0,0,0,0,0,0,0,0,0,0,5
596,COL,1,3,3,0,2,0,10.2,32,53,17,14,11,5,6,2,0,0,0,0,2,0,0,0,0,0,5
597,LAD,1,1,0,0,0,0,0.2,2,4,0,2,2,0,0,2,0,0,0,0,0,0,0,0,0,0,5
598,OAK,1,6,0,0,0,0,3,9,20,7,2,1,0,3,3,0,0,0,0,1,0,0,0,0,0,5
599,MIN,1,17,16,5,5,0,87.2,263,375,88,48,40,16,58,18,0,4,0,0,1,0,0,0,0,0,5
600,MIN,1,15,15,6,5,0,79,237,347,69,40,39,10,57,53,0,5,0,0,5,0,0,0,0,0,5
601,HOU,1,19,0,0,0,0,19,57,97,34,21,19,1,11,7,0,2,0,0,0,0,0,0,0,0,5
602,SEA,1,34,0,2,1,0,36.2,110,148,23,17,17,9,46,11,1,5,0,0,3,0,0,0,0,0,5
602,TOR,2,27,0,2,2,0,29.1,88,126,23,12,11,3,46,15,0,0,0,0,3,0,0,0,0,0,5
603,ATL,1,18,17,4,9,0,92.2,278,401,89,48,45,8,76,42,4,4,0,0,5,1,0,0,0,0,5
604,ARI,1,1,0,0,1,0,1,3,6,2,1,1,0,0,1,1,0,0,0,0,0,0,0,0,0,5
605,CHC,1,16,16,5,5,0,104,312,417,81,28,26,9,83,27,0,1,0,0,0,1,0,0,0,0,5
605,TEX,2,12,12,7,3,0,69,207,300,74,43,39,10,70,25,0,1,0,0,2,0,0,0,0,0,5
606,WSN,1,33,27,10,8,0,164.1,493,686,149,75,62,15,105,52,0,5,0,0,4,1,0,0,0,0,5
607,MIN,1,27,27,12,9,0,173,519,714,184,76,68,17,90,31,2,4,1,1,10,0,0,0,0,0,5
608,NYM,1,34,33,20,6,0,233.2,701,927,192,78,71,24,230,54,2,9,5,3,4,1,0,0,0,0,5
609,STL,1,4,0,0,0,0,6.1,19,32,10,7,5,2,6,2,0,0,0,0,0,0,0,0,0,0,5
610,PHI,1,32,0,1,1,0,27.1,82,131,25,17,12,1,35,20,3,3,0,0,1,0,0,0,0,0,5
611,MIL,1,34,0,0,2,0,37,111,166,45,21,18,3,29,14,2,1,0,0,0,0,0,0,0,0,5
612,CHC,1,34,0,2,4,4,38,114,173,40,29,27,5,24,23,1,3,0,0,1,0,0,0,0,0,5
613,OAK,1,44,0,2,1,1,47.1,142,191,40,18,16,3,60,11,1,0,0,0,0,0,0,0,0,0,5
614,DET,1,57,0,5,3,1,58,174,234,50,23,23,3,62,12,4,1,0,0,2,0,0,0,0,0,5
615,BOS,1,29,29,11,10,0,161,483,709,162,95,87,24,167,71,0,5,0,0,5,0,0,0,0,0,5
616,DET,1,18,0,2,1,0,20.2,62,86,18,8,8,1,20,9,2,1,0,0,1,0,0,0,0,0,5
617,LAA,1,57,0,1,1,9,45.2,137,194,43,17,16,3,32,17,2,0,0,0,1,0,0,0,0,0,5
618,TOR,1,13,13,4,7,0,71.1,214,317,67,41,37,10,47,47,0,1,0,0,7,0,0,0,0,0,5
619,MIN,1,55,11,4,12,0,109,327,472,126,71,62,10,69,27,3,2,0,0,5,0,0,0,0,0,5
620,KCR,1,6,6,2,2,0,27.2,83,121,26,13,12,2,28,18,1,0,0,0,0,1,0,0,0,0,5
621,WSN,1,8,0,1,0,0,13.2,41,56,11,2,2,0,10,4,0,0,0,0,0,0,0,0,0,0,5
622,MIA,1,60,0,0,3,1,44,132,208,49,31,24,3,47,29,8,0,0,0,2,0,0,0,0,0,5
623,ATL,1,76,0,4,1,1,61,183,257,52,25,21,9,49,28,3,0,0,0,1,0,0,0,0,0,5
624,TOR,1,2,0,0,0,0,0.2,2,8,4,3,3,0,1,2,0,0,0,0,0,0,0,0,0,0,5
625,NYM,1,34,0,1,2,0,25.2,77,107,19,14,13,5,30,10,0,2,0,0,0,0,0,0,0,0,5
626,SFG,1,14,0,0,1,0,15.1,46,69,20,8,8,1,9,6,0,0,0,0,0,0,0,0,0,0,5
627,NYM,1,1,0,0,0,0,0.2,2,2,0,0,0,0,0,0,0,0,0,0,0,0,0,0,0,0,5
628,COL,1,15,0,0,0,0,15.2,47,72,21,11,11,1,9,2,0,0,0,0,0,0,0,0,0,0,5
629,LAD,1,43,0,1,1,0,32.2,98,133,27,8,8,3,29,13,1,1,0,0,3,0,0,0,0,0,5
630,LAD,1,2,0,0,2,0,2.2,8,19,6,6,6,0,3,4,2,1,0,0,0,0,0,0,0,0,5
631,LAA,1,3,0,0,0,0,3.2,11,20,7,6,6,1,0,1,0,0,0,0,0,0,0,0,0,0,5
632,LAD,1,10,10,1,6,0,56.1,169,241,63,27,26,5,34,20,2,0,0,0,1,0,0,0,0,0,5
632,MIA,2,12,12,3,7,0,63,189,285,70,32,31,5,44,27,1,3,0,0,0,0,0,0,0,0,5
633,NYY,1,59,0,1,2,0,46,138,194,46,19,17,3,32,17,2,0,0,0,2,0,0,0,0,0,5
634,COL,1,22,0,0,1,0,22.1,67,97,23,16,15,5,21,7,1,1,0,0,2,0,0,0,0,0,5
635,MIL,1,29,23,5,7,0,138.1,415,562,129,62,56,18,143,29,0,0,0,0,4,1,0,0,0,0,5
636,BAL,1,14,2,0,1,0,32.1,97,145,32,18,17,3,18,13,3,5,0,0,0,0,0,0,0,0,5
637,NYM,1,8,1,0,0,0,12.1,37,52,10,8,8,0,10,9,0,0,0,0,0,0,0,0,0,0,5
638,TBR,1,34,0,1,6,0,27,81,120,22,13,12,1,25,14,2,1,0,0,2,0,0,0,0,0,5
639,TEX,1,29,21,6,11,0,123.2,371,536,139,79,70,14,96,32,2,1,0,0,2,1,0,0,0,0,5
640,TEX,1,8,7,3,1,0,42.2,128,175,28,15,15,5,37,23,0,2,1,0,0,0,0,0,0,0,5
641,STL,1,2,0,0,0,0,1.2,5,9,3,1,1,0,0,1,0,0,0,0,0,0,0,0,0,0,5
641,HOU,2,18,0,0,1,0,23,69,107,24,13,11,4,17,17,4,2,0,0,4,1,0,0,0,0,5
642,MIN,1,35,0,2,1,0,35,105,141,25,9,8,3,32,9,4,1,0,0,0,0,0,0,0,0,5
643,MIL,1,23,22,9,10,0,127.2,383,539,125,56,53,12,135,36,0,2,0,0,4,0,0,0,0,0,5
644,LAD,1,5,5,0,2,0,26.2,80,115,25,8,8,2,20,12,0,2,0,0,4,0,0,0,0,0,5
645,OAK,1,19,0,0,0,0,21.2,65,89,16,9,8,2,14,15,1,0,0,0,2,0,0,0,0,0,5
646,DET,1,26,26,10,10,0,161.2,485,673,156,73,62,15,137,37,1,7,2,1,1,0,0,0,0,0,5
647,CHW,1,29,29,12,11,0,168,504,724,166,84,80,22,144,63,2,14,0,0,8,0,0,0,0,0,5
648,TEX,1,3,0,0,0,0,2,6,10,0,2,2,0,1,4,0,0,0,0,1,0,0,0,0,0,5
649,COL,1,24,24,6,7,0,113,339,502,145,71,70,15,76,22,5,8,0,0,2,0,0,0,0,0,5
650,NYM,1,48,0,1,3,23,42.1,127,197,47,27,26,5,47,21,1,0,0,0,2,1,0,0,0,0,5
651,TOR,1,50,0,1,1,0,43.2,131,191,42,20,20,6,53,22,1,2,0,0,5,1,0,0,0,0,5
652,STL,1,24,0,0,2,0,20,60,86,17,13,12,2,18,10,0,1,0,0,0,0,0,0,0,0,5
653,COL,1,16,16,5,8,0,84.2,254,377,102,61,58,14,74,30,0,2,0,0,8,0,0,0,0,0,5
654,SDP,1,11,0,1,0,0,11.2,35,50,9,5,3,2,18,4,0,2,0,0,0,0,0,0,0,0,5
654,LAA,2,56,0,4,2,23,54.1,163,219,26,15,14,7,80,26,0,5,0,0,1,0,0,0,0,0,5
655,OAK,1,26,0,2,2,5,25,75,116,30,19,19,5,18,10,0,1,0,0,2,0,0,0,0,0,5
655,STL,2,6,0,0,0,0,5,15,26,6,5,5,1,6,5,0,0,0,0,0,0,0,0,0,0,5
656,SEA,1,48,0,5,2,0,46.1,139,182,28,15,14,3,53,16,4,2,0,0,5,0,0,0,0,0,5
657,HOU,1,5,5,0,4,0,24,72,120,28,20,18,6,17,18,1,2,0,0,1,1,0,0,0,0,5
658,MIL,1,33,33,16,9,0,204,612,860,185,86,83,26,204,81,3,0,0,0,5,0,0,0,0,0,5
659,WSN,1,13,0,0,0,0,12.2,38,48,8,3,3,2,15,2,0,2,0,0,1,0,0,0,0,0,5
660,NYY,1,30,17,7,6,0,107.1,322,461,112,64,62,18,89,35,2,3,0,0,10,1,0,0,0,0,5
661,STL,1,20,20,7,7,0,121.2,365,515,136,58,53,7,98,30,1,0,0,0,12,1,0,0,0,0,5
662,CHC,1,18,18,5,7,0,103.2,311,424,90,48,45,15,96,32,0,4,0,0,1,0,0,0,0,0,5
663,MIA,1,46,0,4,2,0,69.1,208,302,72,39,35,6,57,26,5,3,0,0,3,1,0,0,0,0,5
664,ATL,1,22,0,0,1,0,20,60,80,17,4,4,1,20,5,0,2,0,0,2,0,0,0,0,0,5
665,NYM,1,17,17,6,7,0,109.2,329,463,108,56,50,12,97,29,0,6,0,0,0,1,0,0,0,0,5
666,LAA,1,2,0,0,0,0,2,6,11,2,1,1,0,1,3,0,0,0,0,0,0,0,0,0,0,5
667,TEX,1,1,0,0,0,0,1,3,7,3,2,2,0,0,1,0,0,0,0,0,0,0,0,0,0,5
668,BOS,1,1,0,0,0,0,5.2,17,24,5,0,0,0,7,2,0,0,0,0,1,0,0,0,0,0,5
668,CHC,2,13,12,2,10,0,64,192,296,81,52,48,7,45,19,2,7,0,0,4,0,0,0,0,0,5
669,OAK,1,5,4,0,4,0,21,63,98,26,18,15,4,10,10,0,3,0,0,0,0,0,0,0,0,5
670,TBR,1,15,0,2,2,0,17.2,53,83,16,12,10,2,15,12,3,2,0,0,1,0,0,0,0,0,5
671,CLE,1,20,17,5,8,0,90.2,272,395,95,66,60,15,47,34,5,4,0,0,2,0,0,0,0,0,5
672,HOU,1,6,6,3,1,0,25,75,105,23,14,14,3,18,8,0,0,0,0,1,0,0,0,0,0,5
673,WSN,1,32,32,21,8,0,199.1,598,822,149,69,64,9,207,76,3,5,2,1,10,1,0,0,0,0,5
674,BAL,1,18,15,9,4,0,105.1,316,434,92,38,38,13,77,35,2,5,0,0,3,2,0,0,0,0,5
675,WSN,1,47,0,0,0,0,35.2,107,151,31,14,12,2,39,16,0,0,0,0,2,1,0,0,0,0,5
676,WSN,1,45,1,4,2,1,72,216,306,65,27,23,7,62,30,1,2,0,0,4,0,0,0,0,0,5
677,MIN,1,49,0,6,1,0,52,156,236,58,34,33,9,26,22,0,4,0,0,5,1,0,0,0,0,5
678,SDP,1,77,0,2,0,9,71.2,215,294,57,19,19,7,72,21,3,3,0,0,3,0,0,0,0,0,5
679,BAL,1,40,0,3,2,0,43.2,131,200,50,26,24,6,37,24,2,3,0,0,0,0,0,0,0,0,5
680,MIL,1,21,21,9,3,0,123,369,504,120,49,47,7,122,28,0,0,0,0,4,0,0,0,0,0,5
680,LAA,2,13,13,6,2,0,89.1,268,364,80,35,35,11,78,26,0,2,0,0,4,0,0,0,0,0,5
681,OAK,1,15,15,7,1,0,82.1,247,336,74,29,28,10,64,19,0,1,0,0,0,0,0,0,0,0,5
682,PIT,1,64,0,1,6,2,58.2,176,244,45,20,19,7,90,22,4,2,0,0,0,0,0,0,0,0,5
683,TEX,1,5,2,1,1,0,14,42,65,22,14,14,1,13,3,0,0,0,0,3,0,0,0,0,0,5
684,LAD,1,45,0,2,3,8,45,135,196,44,13,13,1,37,23,5,1,0,0,1,0,0,0,0,0,5
685,LAD,1,16,0,0,2,0,14,42,56,8,6,6,3,9,7,1,1,0,0,0,0,0,0,0,0,5
686,COL,1,19,15,3,9,0,90.2,272,422,122,72,64,21,45,31,2,7,0,0,1,1,0,0,0,0,5
686,KCR,2,14,14,5,3,0,91,273,366,84,37,32,9,56,19,0,2,0,0,1,1,0,0,0,0,5
687,SFG,1,4,1,0,1,0,9.2,29,45,14,6,6,2,8,2,1,1,0,0,0,0,0,0,0,0,5
688,CLE,1,27,0,1,0,1,25.1,76,116,26,18,18,4,26,15,0,0,0,0,2,0,0,0,0,0,5
689,PHI,1,25,25,11,8,0,156.1,469,646,155,78,78,18,132,36,0,5,0,0,2,0,0,0,0,0,5
690,PHI,1,31,31,17,6,0,215.1,646,867,190,80,73,24,216,52,3,3,2,2,3,2,0,0,0,0,5
691,BAL,1,20,20,8,6,0,118,354,493,104,48,45,9,113,42,2,2,1,1,3,0,0,0,0,0,5
692,NYM,1,13,0,0,0,0,10,30,37,6,4,2,0,4,5,0,0,0,0,0,0,0,0,0,0,5
693,MIA,1,1,1,0,1,0,3.2,11,23,6,7,7,1,3,6,1,0,0,0,0,0,0,0,0,0,5
694,PIT,1,63,0,5,2,36,59.2,179,254,40,18,18,8,67,36,0,1,0,0,6,0,0,0,0,0,5
695,ATL,1,31,31,13,10,0,174.2,524,761,183,95,87,27,161,71,5,5,0,0,6,0,0,0,0,0,5
696,HOU,1,18,18,7,9,0,104.1,313,457,112,58,56,17,98,39,0,1,0,0,5,0,0,0,0,0,5
696,TOR,2,10,6,3,2,0,40.1,121,170,35,21,21,2,46,17,1,1,0,0,2,0,0,0,0,0,5
697,LAD,1,31,31,10,10,0,179.2,539,786,167,85,72,14,131,85,10,4,0,0,4,0,0,0,0,0,5
698,LAA,1,30,30,12,13,0,176.2,530,747,190,95,85,28,142,38,3,3,1,1,5,1,0,0,0,0,5
699,HOU,1,32,32,11,11,0,193.2,581,827,185,90,81,13,140,78,5,1,1,1,10,3,0,0,0,0,5
700,COL,1,20,0,1,1,0,17.2,53,89,27,18,16,3,19,6,1,1,0,0,4,0,0,0,0,0,5
701,TEX,1,32,32,18,11,0,213.1,640,876,210,82,78,22,133,59,0,1,4,2,2,0,0,0,0,0,5
702,NYM,1,10,10,3,5,0,59.1,178,245,42,19,18,5,70,26,0,3,0,0,3,0,0,0,0,0,5
703,MIA,1,11,0,0,0,0,14.2,44,66,17,9,7,3,10,6,0,1,0,0,1,0,0,0,0,0,5
704,LAA,1,48,0,2,3,1,42,126,178,45,20,17,5,23,13,1,0,0,0,0,0,0,0,0,0,5
705,CHW,1,3,0,0,0,0,2,6,7,1,1,1,1,1,1,0,0,0,0,0,0,0,0,0,0,5
706,NYM,1,26,13,4,7,0,93.2,281,408,110,55,53,9,62,18,1,2,0,0,7,0,0,0,0,0,5
707,TBR,1,31,31,10,11,0,177,531,741,163,68,61,25,124,59,3,4,0,0,5,0,0,0,0,0,5
708,MIL,1,36,0,1,3,3,30.2,92,131,26,12,12,1,45,13,0,1,0,0,1,0,0,0,0,0,5
709,MIN,1,16,16,1,8,0,85.1,256,381,106,61,53,17,50,26,3,4,1,0,4,0,0,0,0,0,5
710,SFG,1,60,0,4,5,3,50.2,152,234,50,30,26,5,42,30,2,3,0,0,1,0,0,0,0,0,5
711,ARI,1,72,0,2,3,4,68.1,205,278,48,21,19,4,98,22,1,3,0,0,4,1,0,0,0,0,5
712,SEA,1,33,33,13,9,0,232,696,939,209,84,79,14,223,56,0,12,5,5,13,2,0,0,0,0,5
713,ATL,1,18,0,1,1,1,31,93,136,40,17,17,5,19,8,4,0,0,0,0,0,0,0,0,0,5
713,MIL,2,26,0,3,0,0,36.1,109,156,44,31,31,10,29,8,0,1,0,0,2,0,0,0,0,0,5
714,CHW,1,1,1,0,1,0,4,12,25,12,8,8,3,2,1,0,0,0,0,0,0,0,0,0,0,5
715,CLE,1,3,3,0,3,0,14.1,43,62,17,15,12,4,2,3,0,1,0,0,1,0,0,0,0,0,5
716,PHI,1,5,0,0,1,0,7.2,23,33,10,4,4,1,8,1,0,0,0,0,0,0,0,0,0,0,5
717,KCR,1,76,0,4,3,3,84.1,253,344,79,24,22,4,77,21,6,2,0,0,3,1,0,0,0,0,5
718,CLE,1,15,0,0,0,0,19.1,58,71,12,5,5,1,14,4,0,0,0,0,0,0,0,0,0,0,5
719,BOS,1,25,0,1,0,0,19.2,59,83,17,4,4,0,21,11,1,0,0,0,0,0,0,0,0,0,5
720,TOR,1,1,0,1,0,0,3,9,11,0,0,0,0,0,2,0,0,0,0,0,0,0,0,0,0,5
721,SDP,1,31,0,1,1,0,28,84,129,23,14,14,5,36,20,2,2,0,0,1,0,0,0,0,0,5
721,CHC,2,2,0,0,0,0,0.1,1,6,4,5,5,3,0,1,0,0,0,0,0,0,0,0,0,0,5
722,KCR,1,32,32,8,16,0,185.1,556,800,202,127,118,27,144,61,3,13,2,1,8,0,0,0,0,0,5
723,TEX,1,29,27,12,7,0,175.1,526,730,162,100,91,32,145,52,0,3,0,0,1,0,0,0,0,0,5
724,KCR,1,67,0,7,4,16,67,201,289,58,22,22,2,91,34,7,0,0,0,3,1,0,0,0,0,5
725,CIN,1,28,0,1,0,1,30.2,92,123,17,7,7,2,31,13,1,0,0,0,0,0,0,0,0,0,5
726,PHI,1,32,0,2,0,0,31.1,94,125,21,8,4,1,40,14,1,1,0,0,1,0,0,0,0,0,5
727,KCR,1,9,0,0,0,0,9.1,28,42,11,3,3,2,6,5,0,1,0,0,0,0,0,0,0,0,5
728,TBR,1,55,0,1,0,0,50.1,151,203,39,17,17,7,42,22,2,4,0,0,1,0,0,0,0,0,5
729,ARI,1,9,9,3,2,0,45.1,136,202,62,37,37,9,37,12,0,0,0,0,2,0,0,0,0,0,5
730,ATL,1,28,28,16,7,0,179,537,749,168,77,72,12,102,48,2,9,1,1,3,0,0,0,0,0,5
731,CLE,1,6,4,3,1,0,26.2,80,114,30,14,10,5,19,5,0,1,0,0,0,0,0,0,0,0,5
732,PIT,1,66,0,2,2,2,75.2,227,316,65,30,24,7,50,22,4,5,0,0,5,0,0,0,0,0,5
733,NYY,1,32,32,16,13,0,191.1,574,815,196,101,90,35,165,46,0,6,1,0,3,0,0,0,0,0,5
734,CHW,1,26,16,5,5,0,102,306,462,113,74,73,23,85,44,1,4,1,1,9,0,0,0,0,0,5
735,BAL,1,33,20,7,8,0,133.2,401,573,161,85,81,32,77,27,2,4,0,0,0,1,0,0,0,0,5
736,TOR,1,11,11,5,3,0,58.2,176,257,59,31,30,8,49,20,0,5,0,0,1,0,0,0,0,0,5
737,TOR,1,2,0,0,0,0,1,3,10,5,4,4,0,2,2,0,0,0,0,0,0,0,0,0,0,5
737,NYY,2,2,0,0,0,0,3,9,16,4,4,4,0,3,3,0,0,0,0,0,0,0,0,0,0,5
738,LAA,1,50,0,3,2,0,45.2,137,198,44,22,21,7,31,19,3,0,0,0,3,0,0,0,0,0,5
739,SEA,1,30,16,9,5,2,125.1,376,519,117,49,44,17,101,43,3,3,0,0,5,0,0,0,0,0,5
740,WSN,1,31,31,10,11,0,189.2,569,790,173,90,85,23,168,58,5,2,1,0,3,0,0,0,0,0,5
741,LAD,1,65,0,5,3,25,65,195,252,33,18,17,6,99,22,1,3,0,0,3,0,0,0,0,0,5
742,TOR,1,62,0,1,1,22,63.2,191,242,44,18,18,7,67,11,1,3,0,0,2,1,0,0,0,0,5
743,KCR,1,13,0,0,0,0,13.1,40,73,19,14,10,0,13,13,0,0,0,0,1,0,0,0,0,0,5
744,TOR,1,13,3,1,3,0,32,96,136,32,16,16,5,16,11,1,1,0,0,0,0,0,0,0,0,5
745,MIA,1,22,0,1,0,0,19,57,86,18,5,4,2,8,11,1,2,0,0,0,0,0,0,0,0,5
746,LAA,1,49,0,3,2,2,44.2,134,178,39,17,15,3,38,12,1,2,0,0,1,0,0,0,0,0,5
747,CLE,1,31,31,9,17,0,176.2,530,805,190,116,106,25,143,95,3,8,0,0,16,1,0,0,0,0,5
748,BAL,1,71,0,2,1,51,68.2,206,269,55,21,19,3,41,15,1,3,0,0,1,0,0,0,0,0,5
749,MIA,1,31,31,8,14,0,191.1,574,798,180,84,81,14,165,65,7,4,0,0,5,0,0,0,0,0,5
750,NYM,1,1,0,0,0,0,1,3,3,0,0,0,0,1,0,0,0,0,0,0,0,0,0,0,0,5
751,BAL,1,12,4,4,0,0,38.1,115,151,23,9,9,4,46,18,1,0,0,0,1,0,0,0,0,0,5
752,CHW,1,65,0,8,0,0,71.2,215,301,67,19,19,4,65,32,3,1,0,0,5,0,0,0,0,0,5
753,ATL,1,11,10,3,4,0,48.1,145,227,72,40,37,8,19,18,0,1,0,0,1,0,0,0,0,0,5
754,PIT,1,19,15,5,4,0,90.2,272,372,89,41,40,8,66,15,0,1,0,0,3,1,0,0,0,0,5
755,SEA,1,47,0,2,4,0,44.1,133,190,43,20,16,5,45,15,6,0,0,0,2,1,0,0,0,0,5
756,SDP,1,6,6,2,3,0,29,87,136,39,23,20,5,26,10,1,2,0,0,0,0,0,0,0,0,5
757,STL,1,24,16,5,7,0,107,321,457,112,50,42,10,75,36,2,3,0,0,4,0,0,0,0,0,5
758,PHI,1,37,25,11,12,0,159.1,478,674,154,76,69,20,116,49,4,7,1,1,1,0,0,0,0,0,5
759,ARI,1,33,33,15,12,0,208.1,625,899,216,101,93,28,187,55,4,14,1,0,5,4,0,0,0,0,5
760,LAD,1,33,33,14,9,0,227.2,683,901,170,70,64,16,229,63,5,5,2,2,6,2,0,0,0,0,5
761,HOU,1,16,16,3,8,0,85.1,256,377,93,56,50,14,38,39,1,1,1,0,2,0,0,0,0,0,5
762,ATL,1,63,0,3,1,42,62.2,188,231,27,7,7,3,116,14,0,2,0,0,5,0,0,0,0,0,5
763,SEA,1,35,0,0,3,1,32,96,136,24,14,14,3,36,15,3,3,0,0,2,0,0,0,0,0,5
764,MIL,1,14,0,3,0,0,16.2,50,72,18,7,7,1,14,7,1,0,0,0,1,0,0,0,0,0,5
765,TEX,1,28,0,1,2,0,35.1,106,151,24,16,15,5,38,17,1,1,0,0,2,0,0,0,0,0,5
766,CLE,1,12,12,2,5,0,63,189,281,76,44,36,9,54,18,0,4,0,0,2,0,0,0,0,0,5
767,MIA,1,8,1,0,1,0,13.1,40,56,15,8,8,4,13,2,1,0,0,0,0,0,0,0,0,0,5
768,SFG,1,44,0,2,1,0,43.2,131,177,34,15,12,3,44,12,0,0,0,0,1,0,0,0,0,0,5
769,TOR,1,1,0,0,0,0,1,3,5,1,2,2,1,0,1,0,0,0,0,0,0,0,0,0,0,5
770,NYY,1,33,33,16,11,0,219.2,659,891,205,86,81,25,167,51,2,8,3,2,13,0,0,0,0,0,5
771,TOR,1,22,16,4,6,0,100.2,302,429,100,56,51,17,48,37,1,5,0,0,2,0,0,0,0,0,5
772,WSN,1,6,6,4,1,0,32.2,98,144,33,15,15,0,17,14,1,4,0,0,1,0,0,0,0,0,5
773,CIN,1,33,33,14,4,0,209.1,628,858,179,87,81,25,185,64,9,4,2,0,3,1,0,0,0,0,5
774,SDP,1,26,0,2,0,2,16.2,50,68,9,6,6,0,25,3,0,3,0,0,0,0,0,0,0,0,5
775,SEA,1,46,0,0,5,9,44.2,134,193,48,20,18,1,27,19,3,0,0,0,3,0,0,0,0,0,5
775,LAD,2,28,0,2,1,6,27.1,82,108,17,7,7,0,27,14,4,1,0,0,1,0,0,0,0,0,5
776,CIN,1,30,30,8,9,0,179,537,757,201,97,91,26,116,41,3,3,2,0,3,0,0,0,0,0,5
777,MIA,1,25,9,2,5,0,68.2,206,284,71,30,28,7,43,19,1,1,0,0,1,0,0,0,0,0,5
778,CIN,1,48,0,3,3,0,57.1,172,237,46,22,20,3,61,23,2,1,0,0,2,0,0,0,0,0,5
779,PHI,1,30,30,6,9,0,211,633,847,207,79,74,26,207,28,0,0,0,0,4,0,0,0,0,0,5
780,PIT,1,10,0,0,0,0,11.1,34,48,11,9,7,1,12,2,0,1,0,0,1,0,0,0,0,0,5
781,BOS,1,33,33,9,14,0,205.1,616,876,216,117,110,25,166,68,2,4,3,0,6,0,0,0,0,0,5
782,TEX,1,16,16,6,6,0,105,315,427,99,48,40,16,93,14,0,6,2,0,2,0,0,0,0,0,5
783,WSN,1,11,0,0,1,2,9.1,28,51,12,10,10,1,10,11,5,0,0,0,0,0,0,0,0,0,5
784,LAD,1,8,8,5,1,0,48.2,146,202,36,23,17,3,31,19,1,2,0,0,3,0,0,0,0,0,5
785,SFG,1,33,33,10,15,0,186,558,825,183,111,107,23,190,90,3,4,0,0,17,2,0,0,0,0,5
786,PIT,1,28,5,4,2,1,59.1,178,239,51,19,18,8,60,14,1,1,0,0,0,0,0,0,0,0,5
786,TOR,2,24,0,1,0,0,28.2,86,123,29,18,18,6,28,10,1,0,0,0,1,0,0,0,0,0,5
787,LAD,1,48,0,2,2,0,47.2,143,197,42,16,16,9,43,18,0,3,0,0,1,0,0,0,0,0,5
787,PHI,2,26,0,1,3,1,23.1,70,107,19,15,12,4,27,17,2,1,0,0,1,0,0,0,0,0,5
788,BAL,1,34,0,1,0,0,36.1,109,155,35,14,11,2,30,12,2,4,0,0,1,1,0,0,0,0,5
788,ARI,2,12,0,0,0,0,10.2,32,45,10,3,3,0,10,2,0,1,0,0,0,0,0,0,0,0,5
789,MIN,1,22,17,3,10,0,100,300,440,89,63,59,12,109,55,4,4,0,0,6,1,0,0,0,0,5
789,CHW,2,12,11,3,2,0,56.2,170,253,54,34,34,7,58,32,1,3,0,0,5,0,0,0,0,0,5
790,PIT,1,8,6,1,3,0,34.1,103,148,36,21,21,6,34,11,0,1,0,0,0,0,0,0,0,0,5
791,MIL,1,70,0,6,5,2,68.1,205,303,78,41,35,9,55,20,3,3,0,0,4,0,0,0,0,0,5
792,NYY,1,80,0,7,2,1,55.1,166,239,48,23,23,6,68,28,6,2,0,0,3,0,0,0,0,0,5
793,STL,1,33,33,16,3,0,211,633,864,192,74,67,19,143,38,1,4,0,0,1,0,0,0,0,0,5
794,SFG,1,70,0,3,0,7,36,108,153,37,13,10,1,28,14,3,0,0,0,2,0,0,0,0,0,5
795,CHC,1,4,0,0,1,0,6.1,19,34,8,6,4,0,2,5,0,1,0,0,0,0,0,0,0,0,5
796,HOU,1,64,0,6,3,10,66.1,199,260,61,18,16,4,54,8,2,2,0,0,1,0,0,0,0,0,5
797,TOR,1,33,0,0,2,0,30.2,92,117,26,10,9,0,21,2,0,0,0,0,1,1,0,0,0,0,5
798,SFG,1,19,0,1,0,0,25.1,76,112,32,15,14,3,9,9,1,0,0,0,1,0,0,0,0,0,5
799,CLE,1,21,21,8,10,0,119,357,542,156,79,73,8,41,45,3,3,1,1,5,1,0,0,0,0,5
799,NYY,2,17,0,1,1,1,23.2,71,98,24,9,8,2,14,6,2,0,0,0,2,0,0,0,0,0,5
800,TEX,1,36,0,0,2,0,39.1,118,162,35,15,15,5,28,13,0,0,0,0,4,2,0,0,0,0,5
801,SDP,1,5,5,3,1,0,31,93,130,28,10,9,1,23,8,0,0,0,0,0,0,0,0,0,0,5
802,TBR,1,3,0,0,0,0,3.1,10,21,9,7,7,0,2,3,0,0,0,0,0,0,0,0,0,0,5
803,SEA,1,63,0,2,2,2,40.2,122,178,37,20,18,3,38,24,6,1,0,0,5,0,0,0,0,0,5
804,HOU,1,25,25,5,12,0,141.1,424,628,159,97,80,20,99,42,4,5,1,1,2,0,0,0,0,0,5
805,STL,1,35,29,18,7,0,176,528,744,168,76,74,16,180,64,3,10,0,0,3,0,0,0,0,0,5
806,HOU,1,37,0,0,2,0,36,108,154,37,13,13,3,35,11,2,2,0,0,5,0,0,0,0,0,5
806,TOR,2,30,0,4,0,1,25,75,104,19,8,8,2,28,9,1,1,0,0,1,0,0,0,0,0,5
807,LAD,1,7,0,0,0,0,5.2,17,32,9,5,5,0,4,6,0,0,0,0,0,0,0,0,0,0,5
808,SFG,1,8,0,0,0,0,6.2,20,28,7,5,5,2,4,1,0,0,0,0,0,0,0,0,0,0,5
809,CHC,1,21,20,9,6,0,120.1,361,503,115,51,50,12,81,34,2,10,0,0,4,0,0,0,0,0,5
809,ATL,2,11,11,4,5,0,68.2,206,283,63,29,27,8,59,19,1,1,1,1,1,0,0,0,0,0,5
810,KCR,1,1,0,0,0,0,1,3,3,1,0,0,0,0,0,0,0,0,0,0,0,0,0,0,0,5
811,CHC,1,21,0,1,1,0,20.2,62,94,17,11,11,2,26,12,0,4,0,0,2,0,0,0,0,0,5
811,CLE,2,9,0,1,2,0,6,18,33,13,7,7,1,6,3,0,1,0,0,1,0,0,0,0,0,5
812,MIN,1,9,0,1,0,0,11,33,52,17,10,10,2,5,1,0,1,0,0,0,0,0,0,0,0,5
813,MIN,1,12,0,0,0,0,21.2,65,98,29,19,19,4,12,7,1,1,0,0,0,0,0,0,0,0,5
814,MIL,1,21,21,7,4,0,124,372,527,116,57,51,16,109,41,2,4,0,0,3,2,0,0,0,0,5
815,CHW,1,2,0,0,0,0,2.2,8,11,2,0,0,0,1,2,1,0,0,0,0,0,0,0,0,0,5
816,CHC,1,61,0,3,3,20,55.1,166,247,40,24,21,4,72,45,0,2,0,0,2,0,0,0,0,0,5
817,LAA,1,12,0,0,0,0,6,18,27,6,1,1,0,7,3,0,0,0,0,0,0,0,0,0,0,5
818,MIN,1,7,7,2,4,0,34,102,160,52,33,32,9,12,14,0,3,0,0,1,0,0,0,0,0,5
818,SDP,2,15,15,6,7,0,93.2,281,401,94,53,42,14,79,28,3,1,1,1,5,0,0,0,0,0,5
819,CIN,1,73,0,5,5,9,61,183,256,55,18,17,3,74,16,2,3,0,0,1,1,0,0,0,0,5
820,DET,1,13,0,1,0,0,22.1,67,93,19,7,7,4,19,9,0,1,0,0,1,0,0,0,0,0,5
821,STL,1,48,0,3,2,0,40.1,121,185,51,22,22,6,36,14,2,2,0,0,1,0,0,0,0,0,5
822,ATL,1,54,0,5,4,1,73.2,221,313,80,33,32,6,65,19,4,0,0,0,2,1,0,0,0,0,5
823,ARI,1,1,0,0,0,0,1,3,5,2,1,1,0,1,0,0,0,0,0,0,0,0,0,0,0,5
824,CLE,1,34,34,11,15,0,206.1,619,906,212,122,113,18,159,88,1,13,1,0,14,0,0,0,0,0,5
825,CHC,1,1,0,0,0,0,0.1,1,2,1,0,0,0,0,0,0,0,0,0,0,0,0,0,0,0,5
826,TOR,1,2,0,0,0,0,2,6,11,4,2,2,0,0,1,0,0,0,0,0,0,0,0,0,0,5
827,BOS,1,11,11,1,7,0,45.2,137,215,58,43,42,11,41,20,0,3,0,0,3,0,0,0,0,0,5
828,WSN,1,66,0,5,3,0,66.1,199,265,57,22,21,8,41,19,5,3,0,0,3,0,0,0,0,0,5
829,BAL,1,34,16,6,10,0,98,294,441,112,61,53,15,81,41,4,0,0,0,0,0,0,0,0,0,5
830,KCR,1,18,6,4,3,0,44,132,198,55,29,28,3,26,19,2,3,0,0,1,0,0,0,0,0,5
831,CLE,1,22,22,6,8,0,125.1,376,543,133,78,59,19,110,38,0,1,0,0,0,2,0,0,0,0,5
832,OAK,1,18,18,8,6,0,111,333,469,115,44,40,10,73,24,2,6,0,0,0,0,0,0,0,0,5
833,STL,1,16,0,0,1,0,18.2,56,83,16,11,11,2,11,9,0,2,0,0,1,0,0,0,0,0,5
834,MIL,1,9,0,0,0,0,14,42,69,20,11,10,1,4,5,0,3,0,0,1,0,0,0,0,0,5
835,BOS,1,1,0,0,1,0,1,3,6,2,3,3,1,0,2,0,0,0,0,0,0,0,0,0,0,5
836,PIT,1,30,29,12,8,0,171,513,713,147,85,80,21,151,69,6,4,1,0,3,0,0,0,0,0,5
837,TBR,1,69,0,5,2,0,55.1,166,212,33,13,12,3,73,11,4,1,0,0,3,0,0,0,0,0,5
838,NYM,1,8,4,0,4,0,21.1,64,99,27,21,18,5,17,8,2,2,0,0,0,0,0,0,0,0,5
839,PIT,1,10,3,0,2,0,26.1,79,107,24,8,8,3,21,7,0,2,0,0,0,1,0,0,0,0,5
840,ATL,1,50,12,10,1,1,138,414,520,103,26,24,6,120,23,0,0,2,1,3,0,0,0,0,0,5
841,PIT,1,12,0,0,0,0,12,36,57,14,9,9,1,8,6,0,1,0,0,1,0,0,0,0,0,5
842,NYM,1,5,3,1,2,0,16,48,74,20,10,10,2,8,9,0,0,0,0,1,0,0,0,0,0,5
843,BOS,1,41,0,0,2,1,45,135,194,45,31,31,8,41,12,1,3,0,0,2,0,0,0,0,0,5
844,KCR,1,30,25,8,10,0,166,498,709,176,84,78,15,104,59,3,11,0,0,6,2,0,0,0,0,5
845,KCR,1,51,0,2,2,0,38.2,116,168,36,13,11,3,37,13,1,4,0,0,1,0,0,0,0,0,5
845,SFG,2,27,0,1,0,0,17.2,53,74,14,5,5,0,20,8,2,0,0,0,2,0,0,0,0,0,5
846,SDP,1,25,0,2,1,0,32.1,97,144,32,15,13,4,23,15,0,2,0,0,2,0,0,0,0,0,5
847,ARI,1,32,29,16,11,0,194.2,584,807,193,79,72,14,144,37,0,2,0,0,6,1,0,0,0,0,5
848,BOS,1,53,0,3,2,0,40.1,121,169,28,15,15,3,51,20,1,2,0,0,1,0,0,0,0,0,5
849,OAK,1,33,0,2,1,0,48.2,146,211,39,15,14,6,44,27,2,3,0,0,1,0,0,0,0,0,5
850,STL,1,6,1,1,0,0,13.2,41,54,9,2,2,0,16,4,0,1,0,0,0,0,0,0,0,0,5
851,LAA,1,1,1,1,0,0,5,15,18,3,0,0,0,6,0,0,0,0,0,0,0,0,0,0,0,5
852,SEA,1,28,28,6,12,0,161,483,689,168,86,76,13,107,56,3,3,1,1,5,0,0,0,0,0,5
853,OAK,1,31,31,13,10,0,190,570,791,207,90,79,24,137,36,2,4,1,0,2,0,0,0,0,0,5
854,ATL,1,30,30,11,10,0,179.1,538,728,151,88,82,26,145,56,7,5,0,0,3,0,0,0,0,0,5
855,NYY,1,4,0,0,0,0,4.2,14,24,7,2,2,1,2,3,0,0,0,0,1,0,0,0,0,0,5
856,TBR,1,31,31,11,11,0,177.1,532,759,158,85,75,18,175,81,5,7,0,0,8,1,0,0,0,0,5
857,BOS,1,37,9,3,4,1,76.1,229,325,64,38,32,11,76,30,3,6,0,0,3,5,0,0,0,0,5
858,PIT,1,5,0,0,0,0,5,15,20,2,2,1,0,6,2,0,1,0,0,1,0,0,0,0,0,5
859,TOR,1,21,21,10,7,0,124.2,374,504,98,45,41,12,108,41,0,2,3,3,3,0,0,0,0,0,5
860,BOS,1,26,0,1,1,0,42,126,173,32,15,15,7,41,19,2,1,0,0,3,0,0,0,0,0,5
861,PIT,1,9,9,2,6,0,50.1,151,223,62,30,26,5,25,11,1,2,0,0,4,0,0,0,0,0,5
862,COL,1,23,3,3,2,0,50,150,231,67,34,34,8,47,19,0,1,0,0,5,0,0,0,0,0,5
863,SDP,1,1,1,0,0,0,5,15,22,5,5,5,1,4,2,0,0,0,0,0,0,0,0,0,0,5
864,SFG,1,26,0,0,1,0,20.2,62,91,24,13,12,3,24,8,0,2,0,0,0,0,0,0,0,0,5
865,STL,1,67,0,4,5,42,72,216,279,49,23,22,9,86,17,1,2,0,0,0,0,0,0,0,0,5
866,COL,1,10,10,2,5,0,53.2,161,254,75,40,34,11,36,18,2,2,0,0,0,0,0,0,0,0,5
867,ATL,1,8,0,1,0,1,5,15,21,3,3,1,1,2,2,0,0,0,0,1,0,0,0,0,0,5
868,MIA,1,41,0,0,3,2,39,117,161,36,21,19,6,26,9,2,1,0,0,0,0,0,0,0,0,5
868,STL,2,29,0,0,0,0,26.1,79,97,20,3,3,1,21,3,1,0,0,0,1,0,0,0,0,0,5
869,HOU,1,35,0,0,4,19,30.2,92,134,35,17,12,4,20,6,1,2,0,0,1,0,0,0,0,0,5
869,CHW,2,35,0,3,4,0,34.2,104,138,30,13,12,4,21,9,1,1,0,0,1,0,0,0,0,0,5
870,MIL,1,2,2,1,1,0,9,27,41,10,8,7,2,5,4,0,0,0,0,0,0,0,0,0,0,5
871,TEX,1,66,0,3,5,37,64.1,193,257,55,23,20,7,78,13,1,2,0,0,5,0,0,0,0,0,5
872,OAK,1,24,0,2,1,0,19.2,59,77,10,3,3,3,16,6,1,1,0,0,1,0,0,0,0,0,5
873,COL,1,11,11,2,3,0,58,174,257,72,37,34,7,54,22,1,1,0,0,4,0,0,0,0,0,5
874,TBR,1,8,8,2,3,0,38,114,156,30,17,13,2,34,12,0,2,0,0,2,0,0,0,0,0,5
875,NYM,1,30,30,13,9,0,190.1,571,788,174,77,72,22,155,49,2,4,0,0,6,0,0,0,0,0,5
876,SEA,1,22,18,2,12,0,106.2,320,453,107,71,69,21,68,39,1,2,0,0,1,2,0,0,0,0,5
877,MIA,1,31,31,12,13,0,191,573,832,214,100,95,18,125,47,9,8,3,2,8,1,0,0,0,0,5
878,OAK,1,39,0,4,1,1,52,156,212,37,17,16,5,46,22,2,1,0,0,1,1,0,0,0,0,5
879,HOU,1,29,29,7,13,0,168.1,505,733,165,90,87,23,165,66,2,8,0,0,8,0,0,0,0,0,5
880,NYY,1,28,28,12,8,0,170.1,511,748,194,100,95,28,153,56,3,10,0,0,6,2,0,0,0,0,5
881,BAL,1,69,0,7,1,0,67,201,263,49,17,17,6,69,14,2,3,0,0,0,0,0,0,0,0,5
882,ATL,1,64,0,3,0,0,57.1,172,230,47,14,11,3,46,19,2,2,0,0,1,0,0,0,0,0,5
883,KCR,1,2,2,0,1,0,7.1,22,34,8,4,4,1,4,4,0,0,0,0,0,0,0,0,0,0,5
884,TEX,1,58,1,2,0,3,66,198,263,49,26,24,9,66,17,1,2,0,0,5,0,0,0,0,0,5
885,SDP,1,13,9,4,4,0,48.2,146,233,62,44,42,7,39,24,0,1,0,0,2,1,0,0,0,0,5
886,CHW,1,32,0,0,2,0,26.2,80,112,23,19,19,6,13,5,0,6,0,0,0,1,0,0,0,0,5
887,TOR,1,62,0,3,4,2,56.2,170,221,43,13,13,3,52,15,0,4,0,0,3,0,0,0,0,0,5
888,MIN,1,1,0,0,0,0,1.2,5,7,1,1,1,0,1,1,0,0,0,0,0,0,0,0,0,0,5
889,NYM,1,1,0,0,0,0,0.1,1,5,3,4,4,0,0,1,0,0,0,0,0,0,0,0,0,0,5
890,CHW,1,17,0,0,0,0,21,63,90,20,6,6,3,18,9,0,0,0,0,0,0,0,0,0,0,5
891,CIN,1,63,0,5,2,2,54.2,164,243,51,23,21,8,39,31,4,3,0,0,5,0,0,0,0,0,5
892,DET,1,2,0,0,0,0,2.2,8,13,3,1,1,1,4,1,0,0,0,0,0,0,0,0,0,0,5
893,TEX,1,17,9,4,3,0,59,177,264,79,41,38,11,59,11,0,3,0,0,3,2,0,0,0,0,5
894,SFG,1,12,0,0,0,0,12.1,37,57,19,11,8,0,8,2,1,2,0,0,1,0,0,0,0,0,5
895,COL,1,53,0,5,1,0,79,237,339,76,42,40,9,81,34,7,1,0,0,8,0,0,0,0,0,5
896,COL,1,27,7,1,3,0,40.2,122,185,47,37,37,7,40,20,0,0,0,0,5,0,0,0,0,0,5
897,SDP,1,6,0,0,2,0,9.2,29,41,8,4,3,1,7,5,0,1,0,0,0,0,0,0,0,0,5
898,BOS,1,56,0,4,1,1,50,150,218,59,26,25,7,51,15,3,3,0,0,0,0,0,0,0,0,5
899,SDP,1,3,0,0,0,0,2,6,10,2,2,2,1,2,2,0,0,0,0,0,0,0,0,0,0,5
900,PHI,1,70,0,5,6,38,70,210,284,56,22,19,8,92,18,1,4,0,0,0,0,0,0,0,0,5
901,CHC,1,7,0,0,0,0,6,18,32,10,7,4,3,6,5,1,0,0,0,0,0,0,0,0,0,5
902,OAK,1,29,29,13,8,0,181.1,544,751,166,71,70,11,140,63,3,3,0,0,10,0,0,0,0,0,5
903,NYM,1,74,0,5,4,7,68.2,206,288,65,24,19,4,61,20,2,1,0,0,1,0,0,0,0,0,5
904,MIL,1,62,0,2,3,0,58.2,176,273,62,39,33,3,61,35,2,3,0,0,6,0,0,0,0,0,5
905,ARI,1,6,0,0,0,0,2.2,8,26,15,11,11,2,0,3,0,0,0,0,0,0,0,0,0,0,5
906,BAL,1,54,0,1,0,0,55.2,167,224,45,15,15,5,49,12,2,2,0,0,1,0,0,0,0,0,5
907,LAA,1,5,0,0,1,0,10.1,31,49,16,6,5,1,4,3,1,0,0,0,0,0,0,0,0,0,5
907,TOR,2,5,0,0,0,0,6.1,19,33,11,7,7,1,2,2,0,2,0,0,0,0,0,0,0,0,5
908,KCR,1,7,7,3,1,0,37.2,113,156,31,8,7,3,39,15,0,0,0,0,1,0,0,0,0,0,5
909,MIN,1,11,11,2,5,0,63,189,268,80,46,42,9,33,8,2,2,0,0,0,0,0,0,0,0,5
910,CHW,1,32,32,11,12,0,219,657,882,191,88,82,27,194,49,1,10,4,1,3,2,0,0,0,0,5
911,NYM,1,3,3,0,0,0,19.2,59,85,24,5,5,0,13,4,0,0,0,0,1,0,0,0,0,0,5
912,SFG,1,22,0,0,1,0,28,84,133,42,22,19,4,10,9,2,1,0,0,2,0,0,0,0,0,5
913,TBR,1,76,0,2,6,2,67,201,264,49,28,27,9,84,17,2,1,0,0,5,0,0,0,0,0,5
914,MIL,1,6,5,2,1,0,29,87,113,24,8,8,0,23,11,0,0,0,0,1,0,0,0,0,0,5
915,MIN,1,15,0,0,0,0,17,51,78,15,8,6,0,8,12,1,2,0,0,1,0,0,0,0,0,5
916,CLE,1,61,0,0,4,39,57.2,173,242,49,25,23,6,59,16,1,2,0,0,0,0,0,0,0,0,5
917,MIL,1,10,0,0,1,0,7,21,35,6,4,4,2,10,8,1,1,0,0,0,0,0,0,0,0,5
918,TOR,1,35,0,2,2,0,42,126,175,38,16,16,3,39,16,0,3,0,0,0,0,0,0,0,0,5
919,TEX,1,12,6,1,4,0,38,114,177,47,26,23,3,25,15,1,2,0,0,5,2,0,0,0,0,5
920,SEA,1,33,0,1,3,0,29.2,89,123,27,7,7,1,24,10,2,0,0,0,2,0,0,0,0,0,5
921,CLE,1,8,0,1,0,0,7.2,23,31,5,3,3,1,4,4,1,0,0,0,0,1,0,0,0,0,5
922,MIN,1,70,0,3,1,16,70.1,211,281,57,25,20,8,78,16,3,3,0,0,3,0,0,0,0,0,5
923,WSN,1,7,0,1,0,0,8,24,35,12,9,9,2,3,2,0,0,0,0,0,0,0,0,0,0,5
924,CLE,1,70,0,3,3,2,70,210,286,53,20,20,7,76,24,1,4,0,0,1,0,0,0,0,0,5
925,SFG,1,1,1,0,0,0,4.2,14,22,7,2,2,0,1,4,0,0,0,0,1,0,0,0,0,0,5
926,NYY,1,12,12,5,4,0,75.1,226,303,65,26,24,8,69,21,0,0,0,0,1,0,0,0,0,0,5
927,NYY,1,33,11,4,4,0,99.2,299,414,81,38,37,14,96,38,2,6,0,0,2,2,0,0,0,0,5
928,BAL,1,6,0,0,0,0,6,18,28,7,4,4,2,5,3,1,0,0,0,0,0,0,0,0,0,5
929,COL,1,22,22,2,9,0,96.2,290,434,97,57,53,14,83,46,2,4,0,0,8,1,0,0,0,0,5
930,BAL,1,3,0,0,0,0,6,18,26,7,2,2,1,3,1,0,0,0,0,0,0,0,0,0,0,5
931,DET,1,31,31,10,12,0,176.1,529,783,226,101,90,16,107,44,3,6,0,0,6,0,0,0,0,0,5
932,TBR,1,31,31,20,5,0,211,633,836,173,63,60,16,205,59,2,5,2,1,8,1,0,0,0,0,5
933,SEA,1,26,0,3,1,0,23,69,104,22,13,10,5,27,13,2,0,0,0,3,0,0,0,0,0,5
934,DET,1,12,0,0,2,1,16,48,72,19,7,7,0,10,8,1,0,0,0,2,0,0,0,0,0,5
935,COL,1,2,0,0,0,0,2,6,9,3,0,0,0,0,1,0,0,0,0,0,0,0,0,0,0,5
936,ARI,1,57,0,1,5,32,54.1,163,218,45,18,17,4,65,11,1,2,0,0,3,0,0,0,0,0,5
937,PHI,1,35,0,1,1,0,31.1,94,140,39,18,16,7,19,9,3,0,0,0,2,0,0,0,0,0,5
937,NYY,2,8,0,1,0,0,7.1,22,33,10,5,5,0,2,3,1,0,0,0,1,0,0,0,0,0,5
937,PIT,3,17,0,0,0,0,13.2,41,58,14,11,10,0,6,2,0,0,0,0,0,0,0,0,0,0,5
938,CHW,1,25,22,6,6,0,136.1,409,568,142,62,57,14,81,42,4,3,0,0,10,2,0,0,0,0,5
939,CHC,1,5,5,1,2,0,24.1,73,116,33,23,22,7,16,11,0,0,0,0,0,0,0,0,0,0,5
940,NYM,1,20,0,0,1,0,21.1,64,102,24,13,13,1,22,20,1,0,0,0,1,0,0,0,0,0,5
941,SEA,1,16,8,1,3,0,59,177,238,47,26,22,6,48,12,1,3,0,0,0,0,0,0,0,0,5
942,NYM,1,58,0,3,4,1,63.2,191,277,58,33,30,4,52,35,4,0,0,0,4,0,0,0,0,0,5
943,MIA,1,11,0,0,0,0,9.1,28,40,8,4,4,2,13,4,0,1,0,0,0,0,0,0,0,0,5
944,TBR,1,17,1,1,0,0,30,90,120,19,7,7,2,29,10,0,2,0,0,0,0,0,0,0,0,5
945,NYY,1,70,0,3,0,0,38.1,115,155,29,14,12,2,38,17,1,1,0,0,1,2,0,0,0,0,5
946,NYM,1,73,0,3,7,4,57.2,173,233,45,28,23,7,42,12,2,1,0,0,1,0,0,0,0,0,5
947,CIN,1,1,1,0,1,0,3.1,10,22,7,4,4,1,2,5,0,0,0,0,0,0,0,0,0,0,5
948,CHW,1,62,0,3,2,29,55,165,238,57,30,29,6,54,18,3,2,0,0,0,1,0,0,0,0,5
949,PIT,1,61,0,1,4,1,73.2,221,330,81,35,32,6,46,24,6,2,0,0,2,0,0,0,0,0,5
950,COL,1,71,0,3,1,0,57.1,172,249,65,31,28,11,51,17,4,0,0,0,5,1,0,0,0,0,5
951,SDP,1,33,33,14,14,0,218.2,656,910,228,110,97,31,107,42,4,6,1,1,4,2,0,0,0,0,5
952,LAA,1,30,9,4,3,1,71,213,318,77,46,37,7,47,34,1,3,0,0,2,0,0,0,0,0,5
953,TOR,1,3,0,0,0,0,3,9,15,5,2,2,1,2,0,0,0,0,0,1,0,0,0,0,0,5
954,NYY,1,9,0,1,1,5,8.1,25,32,6,2,2,0,8,2,2,0,0,0,0,0,0,0,0,0,5
955,NYY,1,65,0,2,7,2,60.2,182,248,52,19,18,5,81,19,0,1,0,0,1,1,0,0,0,0,5
956,MIN,1,40,0,2,2,0,25,75,111,21,16,15,4,26,14,3,1,0,0,1,0,0,0,0,0,5
957,TBR,1,76,0,2,2,48,74.2,224,282,43,9,5,2,76,15,1,3,0,0,4,0,0,0,0,0,5
958,HOU,1,1,1,0,0,0,6,18,22,2,2,2,2,6,2,0,0,0,0,0,0,0,0,0,0,5
959,HOU,1,71,0,2,10,0,70.1,211,309,68,45,42,10,78,34,7,1,0,0,10,0,0,0,0,0,5
960,MIL,1,78,0,2,7,3,72,216,305,65,37,35,8,72,31,1,0,0,0,6,0,0,0,0,0,5
961,WSN,1,35,0,1,3,9,29.1,88,131,19,20,19,4,31,22,0,1,0,0,10,1,0,0,0,0,5
962,LAD,1,11,0,0,1,0,6.2,20,26,3,1,1,0,6,4,1,0,0,0,0,0,0,0,0,0,5
963,HOU,1,21,21,7,9,0,130.2,392,558,134,66,55,13,89,32,2,2,0,0,5,0,0,0,0,0,5
963,PIT,2,13,12,5,4,0,75,225,317,71,33,31,8,50,24,2,1,0,0,0,0,0,0,0,0,5
964,COL,1,63,0,4,2,1,88.2,266,383,85,40,32,9,54,43,3,2,0,0,8,0,0,0,0,0,5
965,COL,1,23,0,0,2,0,25.2,77,131,36,23,23,2,29,18,2,2,0,0,5,0,0,0,0,0,5
965,CLE,2,44,0,3,1,0,53,159,217,47,19,18,5,54,12,2,3,0,0,5,0,0,0,0,0,5
966,MIL,1,7,7,3,1,0,39,117,165,36,17,17,5,41,14,0,1,0,0,1,0,0,0,0,0,5
967,STL,1,11,0,0,0,0,8,24,41,14,9,9,3,5,2,0,1,0,0,0,0,0,0,0,0,5
967,BAL,2,5,0,0,0,0,4,12,21,7,4,3,1,1,1,0,0,0,0,1,0,0,0,0,0,5
968,TOR,1,32,32,9,14,0,181,543,829,198,122,116,21,124,105,1,10,1,0,8,0,0,0,0,0,5
969,SFG,1,69,0,4,2,14,55.1,166,215,37,11,11,5,63,10,1,3,0,0,2,0,0,0,0,0,5
970,MIA,1,4,0,0,0,0,3,9,17,8,6,6,0,2,0,0,0,0,0,0,0,0,0,0,0,5
971,PHI,1,22,1,1,2,0,25,75,106,18,17,17,4,24,14,0,2,0,0,0,0,0,0,0,0,5
972,STL,1,19,0,0,2,0,22.2,68,89,14,7,7,2,25,7,0,1,0,0,1,0,0,0,0,0,5
973,TEX,1,58,0,6,0,0,65,195,265,55,21,16,3,47,23,3,2,0,0,1,1,0,0,0,0,5
974,OAK,1,18,13,2,11,0,73.1,220,342,96,56,53,7,46,37,3,5,0,0,2,1,0,0,0,0,5
975,SFG,1,6,0,0,0,0,3.2,11,15,1,0,0,0,5,3,1,1,0,0,1,0,0,0,0,0,5
976,CHC,1,7,7,2,3,0,29.2,89,135,38,22,21,4,21,11,0,3,0,0,0,0,0,0,0,0,5
977,CHC,1,77,0,7,1,2,69.1,208,292,67,28,25,5,55,23,7,1,0,0,1,1,0,0,0,0,5
978,STL,1,70,0,1,3,0,46.2,140,196,46,22,22,7,33,17,2,0,0,0,3,0,0,0,0,0,5
979,NYY,1,28,28,15,6,0,200,600,833,184,89,75,22,197,44,2,8,2,0,4,1,0,0,0,0,5
980,ARI,1,16,0,0,0,0,12,36,60,17,14,9,4,11,5,1,1,0,0,1,0,0,0,0,0,5
981,STL,1,65,0,1,4,0,58.2,176,256,56,28,28,5,60,27,5,1,0,0,4,0,0,0,0,0,5
982,CHW,1,30,29,17,8,0,192,576,772,167,66,65,19,192,51,5,6,1,0,6,0,0,0,0,0,5
983,CHC,1,28,28,9,13,0,174.2,524,723,157,79,74,20,180,56,2,4,1,0,10,0,0,0,0,0,5
984,PHI,1,6,0,0,1,0,6.1,19,34,12,7,7,4,5,3,1,0,0,0,0,0,0,0,0,0,5
985,MIA,1,19,19,5,7,0,121,363,504,119,59,53,12,110,33,2,2,0,0,4,1,0,0,0,0,5
985,DET,2,12,12,4,6,0,74.2,224,316,81,36,31,8,57,15,1,3,1,1,3,0,0,0,0,0,5
986,STL,1,17,0,0,1,0,15,45,70,11,11,11,2,13,13,4,1,0,0,4,0,0,0,0,0,5
987,KCR,1,12,12,1,6,0,53.1,160,270,65,47,46,8,36,44,1,5,0,0,4,1,0,0,0,0,5
987,COL,2,3,3,0,3,0,11.1,34,57,17,13,12,3,9,9,1,0,0,0,2,0,0,0,0,0,5
988,LAA,1,30,30,9,13,0,178,534,764,165,109,102,39,133,61,2,9,1,1,4,0,0,0,0,0,5
989,NYM,1,21,21,6,9,0,117,351,499,117,65,63,17,111,39,1,0,2,2,1,0,0,0,0,0,5
990,CHW,1,42,4,4,1,4,70.1,211,306,54,26,26,10,79,40,1,7,0,0,5,2,0,0,0,0,5
991,TOR,1,6,0,0,1,2,5,15,24,6,5,5,1,4,4,0,0,0,0,1,0,0,0,0,0,5
992,ARI,1,21,21,6,10,0,130,390,561,146,68,61,17,89,31,1,2,1,1,2,0,0,0,0,0,5
992,BAL,2,7,7,3,3,0,44.2,134,184,49,20,18,4,23,8,1,0,0,0,1,0,0,0,0,0,5
993,PHI,1,19,0,1,2,0,25,75,108,26,17,15,4,16,8,1,1,0,0,0,1,0,0,0,0,5
994,COL,1,6,0,0,0,0,8.2,26,33,7,1,1,0,4,3,0,0,0,0,0,0,0,0,0,0,5
995,TEX,1,39,0,1,1,1,32.1,97,152,47,18,16,6,30,9,3,2,0,0,4,0,0,0,0,0,5
996,DET,1,32,32,16,7,0,187.2,563,787,179,82,78,23,231,60,2,5,0,0,2,1,0,0,0,0,5
997,DET,1,6,0,0,0,0,7,21,39,14,10,8,3,6,5,2,0,0,0,1,0,0,0,0,0,5
998,PHI,1,35,0,2,1,0,34.1,103,147,30,18,17,3,36,16,2,2,0,0,1,0,0,0,0,0,5
999,NYM,1,3,2,0,1,0,8.2,26,46,15,13,12,4,1,3,0,0,0,0,0,0,0,0,0,0,5
1000,OAK,1,30,0,2,0,1,35.1,106,148,30,11,10,2,30,12,0,0,0,0,1,0,0,0,0,0,5
1001,CLE,1,17,2,1,1,0,34.1,103,147,35,15,14,2,18,13,1,0,0,0,1,0,0,0,0,0,5
1002,CHW,1,21,0,0,2,0,14.1,43,58,8,8,8,3,14,6,1,1,0,0,2,0,0,0,0,0,5
1003,ARI,1,64,0,1,6,2,59.1,178,252,60,29,23,4,41,24,3,2,0,0,4,1,0,0,0,0,5
1004,ATL,1,9,9,4,4,0,49.1,148,207,52,21,19,6,35,13,1,1,0,0,1,0,0,0,0,0,5
1005,SEA,1,2,0,0,0,0,1.1,4,10,6,4,4,2,0,1,0,0,0,0,0,0,0,0,0,0,5
1006,TBR,1,33,33,15,10,0,227.2,683,944,208,103,89,25,223,58,2,11,3,2,7,1,0,0,0,0,5
1007,CIN,1,36,0,3,2,1,61,183,269,65,22,18,2,52,22,1,6,0,0,9,0,0,0,0,0,5
1008,CLE,1,63,0,1,2,1,55,165,233,47,29,27,9,51,23,1,1,0,0,3,0,0,0,0,0,5
1009,ARI,1,6,6,1,3,0,29.1,88,133,30,20,19,6,21,13,0,2,0,0,1,0,0,0,0,0,5
1010,PIT,1,10,0,0,0,0,13,39,55,9,4,4,1,6,8,0,0,0,0,1,0,0,0,0,0,5
1011,CLE,1,72,0,7,4,0,67,201,278,53,27,22,4,53,25,4,2,0,0,1,1,0,0,0,0,5
1012,KCR,1,16,16,6,9,0,89.2,269,396,111,54,53,12,59,33,1,1,0,0,4,0,0,0,0,0,5
1013,DET,1,23,18,4,3,0,99.1,298,416,93,49,44,12,94,33,1,2,0,0,3,0,0,0,0,0,5
1014,BAL,1,6,0,0,0,0,10.1,31,47,11,8,8,2,6,6,0,0,0,0,0,1,0,0,0,0,5
1014,CHC,2,6,0,0,0,0,6,18,25,4,3,3,1,6,3,0,0,0,0,0,0,0,0,0,0,5
1015,NYY,1,69,0,2,1,42,67.2,203,279,55,17,17,6,69,24,4,1,0,0,3,0,0,0,0,0,5
1016,SDP,1,11,0,0,1,0,10.1,31,48,13,5,5,1,10,5,1,0,0,0,0,0,0,0,0,0,5
1017,WSN,1,59,0,6,1,1,88.1,265,370,70,27,23,7,87,36,4,2,0,0,3,0,0,0,0,0,5
1018,SDP,1,1,1,0,0,0,5,15,24,7,4,3,1,5,3,0,0,0,0,0,0,0,0,0,0,5
1019,CHW,1,18,1,1,2,0,30,90,134,41,26,20,10,16,4,0,0,0,0,0,1,0,0,0,0,5
1019,BOS,2,2,2,0,2,0,5.2,17,34,17,14,14,4,3,0,0,1,0,0,0,0,0,0,0,0,5
1020,MIL,1,6,1,0,0,0,9.1,28,38,7,1,1,1,3,5,0,0,0,0,0,0,0,0,0,0,5
1021,WSN,1,37,0,3,1,4,30.1,91,116,22,8,8,0,24,8,0,1,0,0,1,0,0,0,0,0,5
1022,HOU,1,26,0,0,1,0,30.1,91,127,27,14,13,2,34,10,0,1,0,0,0,0,0,0,0,0,5
1023,OAK,1,7,7,2,1,0,39.1,118,172,36,19,17,11,32,16,1,2,0,0,0,0,0,0,0,0,5
1024,WSN,1,28,28,15,6,0,159.1,478,653,136,62,56,15,197,48,1,4,0,0,5,0,0,0,0,0,5
1025,SDP,1,40,0,2,1,23,39,117,144,17,8,8,2,47,11,1,0,0,0,1,0,0,0,0,0,5
1026,BAL,1,70,0,5,2,3,66.1,199,283,52,18,18,2,58,37,2,4,0,0,5,0,0,0,0,0,5
1027,CHW,1,2,1,0,0,0,6.2,20,30,6,2,2,0,4,4,0,1,0,0,0,0,0,0,0,0,5
1027,SDP,2,18,14,8,3,0,92.1,277,383,86,36,30,7,51,23,0,1,0,0,1,1,0,0,0,0,5
1028,PHI,1,6,0,0,0,0,5.2,17,29,7,6,4,0,5,4,0,0,0,0,1,0,0,0,0,0,5
1029,SDP,1,6,6,2,3,0,30.2,92,137,34,19,18,4,7,13,3,0,0,0,0,0,0,0,0,0,5
1030,MIN,1,44,5,3,6,0,96.2,290,413,106,57,54,15,62,31,8,0,0,0,3,0,0,0,0,0,5
1031,LAA,1,42,0,0,3,0,42,126,173,39,24,23,6,41,10,1,0,0,0,0,0,0,0,0,0,5
1031,PIT,2,9,0,0,0,0,8.1,25,39,10,8,8,2,11,4,0,0,0,0,0,0,0,0,0,0,5
1032,TEX,1,14,0,1,0,0,17,51,76,18,19,17,4,18,6,1,0,0,0,0,0,0,0,0,0,5
1033,LAA,1,3,0,0,0,0,2.1,7,14,3,3,3,0,0,4,0,0,0,0,1,0,0,0,0,0,5
1034,BOS,1,37,0,1,1,1,44,132,172,37,7,7,1,45,5,0,2,0,0,0,0,0,0,0,0,5
1035,KCR,1,18,5,1,4,0,61.1,184,263,68,34,34,11,35,21,0,2,0,0,2,1,0,0,0,0,5
1036,ATL,1,2,1,0,0,0,6.1,19,24,5,4,4,0,5,1,0,0,0,0,0,0,0,0,0,0,5
1037,SDP,1,55,0,1,4,1,31.2,95,141,30,13,12,2,39,14,3,3,0,0,0,1,0,0,0,0,5
1038,SDP,1,64,0,2,2,7,57.2,173,235,53,24,22,4,47,12,4,1,0,0,2,0,0,0,0,0,5
1039,BOS,1,7,0,0,0,0,4.2,14,25,10,4,4,0,4,2,0,1,0,0,1,0,0,0,0,0,5
1039,NYY,2,4,0,0,0,0,3,9,12,2,3,3,1,3,1,0,0,0,0,0,0,0,0,0,0,5
1040,LAA,1,2,0,0,1,0,2.1,7,13,5,4,4,1,3,1,0,0,0,0,0,0,0,0,0,0,5
1040,OAK,2,1,0,0,0,0,0.2,2,3,1,0,0,0,0,0,0,0,0,0,0,0,0,0,0,0,5
1041,MIL,1,8,3,0,0,0,22,66,95,24,11,11,8,20,7,0,1,0,0,1,0,0,0,0,0,5
1042,CHW,1,74,0,4,10,3,65,195,266,63,27,25,4,53,17,4,3,0,0,2,0,0,0,0,0,5
1043,BAL,1,15,15,9,3,0,86,258,347,66,38,28,12,66,24,0,1,0,0,5,0,0,0,0,0,5
1044,LAD,1,40,0,3,1,0,37.2,113,160,30,19,18,4,39,20,1,1,0,0,0,0,0,0,0,0,5
1045,CLE,1,21,16,5,8,0,103.1,310,452,126,74,73,18,56,25,3,3,0,0,4,0,0,0,0,0,5
1046,COL,1,31,0,5,3,0,53,159,231,49,31,31,2,42,26,1,4,0,0,6,0,0,0,0,0,5
1047,DET,1,3,3,1,1,0,12.1,37,61,17,11,11,4,7,7,1,0,0,0,1,0,0,0,0,0,5
1047,MIA,2,7,7,1,4,0,42.2,128,170,33,21,16,5,29,9,2,0,0,0,4,0,0,0,0,0,5
1048,TEX,1,37,0,0,0,1,36,108,130,20,7,7,4,43,3,0,0,0,0,1,0,0,0,0,0,5
1049,PHI,1,27,1,3,2,0,31,93,113,18,10,10,3,35,5,1,0,0,0,0,0,0,0,0,0,5
1050,HOU,1,12,0,0,0,0,12,36,57,12,4,3,1,10,8,1,0,0,0,1,0,0,0,0,0,5
1051,DET,1,71,0,3,4,35,69,207,294,59,34,29,3,48,27,5,4,0,0,1,0,0,0,0,0,5
1052,PIT,1,4,0,0,1,0,2.2,8,16,5,4,4,0,3,1,0,1,0,0,2,0,0,0,0,0,5
1053,SEA,1,33,33,14,11,0,217.1,652,887,201,94,93,35,141,55,1,3,2,0,5,0,0,0,0,0,5
1054,ATL,1,12,0,1,1,0,16.2,50,76,16,11,10,2,21,9,1,2,0,0,3,0,0,0,0,0,5
1055,MIN,1,6,6,0,2,0,31.2,95,141,32,20,20,2,14,19,0,1,0,0,1,0,0,0,0,0,5
1056,CHW,1,24,0,0,0,1,13,39,49,5,2,2,0,19,4,0,0,0,0,0,0,0,0,0,0,5
1057,ATL,1,66,0,5,4,0,58.2,176,262,61,23,21,6,69,28,3,5,0,0,9,0,0,0,0,0,5
1058,MIL,1,72,0,5,4,1,67,201,300,61,29,27,5,79,40,1,2,0,0,1,0,0,0,0,0,5
1059,KCR,1,1,1,0,1,0,1.2,5,15,8,6,6,1,2,2,0,0,0,0,0,0,0,0,0,0,5
1060,DET,1,33,33,17,8,0,238.1,715,956,192,81,70,19,239,60,2,5,6,1,2,1,0,0,0,0,5
1061,TOR,1,38,16,7,7,0,125.1,376,521,113,59,58,23,122,46,4,3,0,0,6,1,0,0,0,0,5
1062,DET,1,50,0,3,5,0,54.2,164,226,38,20,16,3,66,28,3,1,0,0,9,2,0,0,0,0,5
1063,CIN,1,1,0,0,0,0,1,3,3,0,0,0,0,1,0,0,0,0,0,0,0,0,0,0,0,5
1064,SDP,1,27,0,2,0,0,26.1,79,105,19,5,5,2,28,7,0,1,0,0,1,0,0,0,0,0,5
1065,SFG,1,31,31,14,9,0,189.2,569,788,171,76,71,17,158,62,7,8,0,0,3,0,0,0,0,0,5
1066,SDP,1,32,32,11,11,0,182.2,548,802,160,88,84,14,174,105,6,9,1,1,9,1,0,0,0,0,5
1067,CHC,1,21,21,3,12,0,111.1,334,507,137,81,78,16,61,43,4,3,0,0,2,1,0,0,0,0,5
1068,NYY,1,39,0,1,1,0,39,117,171,46,29,28,8,38,8,1,1,0,0,0,0,0,0,0,0,5
1069,STL,1,32,32,14,13,0,198.2,596,831,196,96,87,15,184,52,3,6,3,2,5,2,0,0,0,0,5
1070,LAA,1,45,0,3,2,1,39,117,172,35,15,15,3,48,18,1,0,0,0,7,0,0,0,0,0,5
1071,MIN,1,17,0,0,1,0,21.1,64,94,27,6,6,2,7,6,1,3,0,0,1,0,0,0,0,0,5
1072,LAD,1,7,0,1,0,0,5.2,17,21,3,3,3,1,4,1,0,1,0,0,2,0,0,0,0,0,5
1073,MIN,1,12,12,2,5,0,61.2,185,271,71,41,39,12,42,22,1,3,1,0,1,0,0,0,0,0,5
1074,WSN,1,10,5,2,3,0,32.1,97,158,50,24,24,5,15,15,0,3,0,0,5,0,0,0,0,0,5
1075,NYY,1,1,1,0,0,0,2.1,7,17,8,6,6,2,1,2,0,0,0,0,0,0,0,0,0,0,5
1076,PIT,1,68,0,5,2,0,53.1,160,215,37,21,20,5,53,23,1,1,0,0,1,0,0,0,0,0,5
1077,LAA,1,30,30,20,5,0,188.2,566,739,147,63,59,20,142,45,0,4,3,2,2,0,0,0,0,0,5
1078,MIA,1,65,0,4,3,0,60.1,181,270,72,30,27,2,44,20,8,4,0,0,0,0,0,0,0,0,5
1079,DET,1,2,0,0,1,0,4,12,24,10,4,4,0,1,2,0,0,0,0,0,0,0,0,0,0,5
1080,HOU,1,3,3,0,3,0,17.2,53,79,24,13,13,5,13,7,0,0,0,0,1,1,0,0,0,0,5
1081,SDP,1,7,7,2,4,0,37.1,112,169,41,23,19,6,19,20,1,1,0,0,4,0,0,0,0,0,5
1082,CHC,1,12,4,1,2,0,28.2,86,143,35,18,17,1,14,24,1,2,0,0,1,0,0,0,0,0,5
1083,SDP,1,8,8,2,3,0,40.1,121,177,45,26,25,5,35,14,1,1,0,0,1,1,0,0,0,0,5
1084,STL,1,28,28,13,11,0,174.2,524,751,191,85,77,12,106,52,0,8,1,0,5,0,0,0,0,0,5
1085,CLE,1,12,0,0,0,0,12.1,37,61,17,12,12,3,2,7,0,0,0,0,2,0,0,0,0,0,5
1086,COL,1,23,20,2,9,0,98,294,459,114,66,60,13,64,51,9,5,0,0,6,0,0,0,0,0,5
1087,SDP,1,5,5,0,4,0,27.2,83,119,26,16,14,5,24,9,2,1,0,0,1,0,0,0,0,0,5
1088,SEA,1,73,0,4,3,29,79.1,238,326,59,24,22,5,87,29,3,2,0,0,3,0,0,0,0,0,5
1089,DET,1,3,3,0,3,0,11,33,55,21,11,10,4,7,3,0,0,0,0,0,0,0,0,0,0,5
1090,LAA,1,32,15,6,8,1,137.2,413,572,139,73,70,17,98,35,1,5,1,1,1,0,0,0,0,0,5
1091,SFG,1,2,0,0,0,1,2,6,12,4,2,2,0,2,2,0,0,0,0,1,0,0,0,0,0,5
1092,LAA,1,34,34,13,10,0,202.1,607,865,181,102,86,19,173,91,2,6,0,0,4,1,0,0,0,0,5
1093,PIT,1,8,0,0,0,0,4.2,14,26,10,1,1,0,7,3,0,0,0,0,1,0,0,0,0,0,5
1094,NYY,1,1,0,0,0,0,0.2,2,2,0,0,0,0,0,0,0,0,0,0,0,0,0,0,0,0,5
1094,CHW,2,1,0,0,0,0,1,3,4,1,0,0,0,0,1,0,0,0,0,0,0,0,0,0,0,5
1095,MIL,1,25,24,3,10,0,142.1,427,633,179,94,90,21,96,45,1,6,0,0,2,2,0,0,0,0,5
1095,BAL,2,5,2,2,0,0,15.1,46,66,17,9,9,2,8,7,0,1,0,0,0,0,0,0,0,0,5
1096,CHC,1,10,0,0,2,0,8.2,26,42,8,8,8,1,6,11,0,0,0,0,1,0,0,0,0,0,5
1097,CHC,1,26,26,6,13,0,156,468,649,133,80,74,25,119,54,3,8,0,0,2,1,0,0,0,0,5
1098,PHI,1,23,23,6,9,0,133,399,590,154,69,62,12,107,47,4,6,0,0,1,0,0,0,0,0,5
1099,LAD,1,66,0,5,3,0,67.2,203,306,72,35,28,2,54,30,7,4,0,0,2,0,0,0,0,0,5
1100,HOU,1,77,0,2,2,1,52.1,157,223,45,20,19,4,54,17,0,6,0,0,1,0,0,0,0,0,5
1101,NYM,1,20,20,4,9,0,115,345,493,119,58,53,16,80,36,5,2,0,0,3,0,0,0,0,0,5
1102,ARI,1,45,0,0,0,0,37.1,112,163,37,24,23,5,34,19,0,1,0,0,5,0,0,0,0,0,5
1103,MIA,1,35,20,7,10,0,132.1,397,591,123,75,66,9,95,75,1,10,1,1,1,0,0,0,0,0,5
1104,ARI,1,77,0,6,1,0,68.2,206,263,54,21,19,2,42,21,2,1,0,0,1,0,0,0,0,0,5
1105,WSN,1,32,32,12,8,0,195.2,587,805,186,69,64,18,153,43,2,8,0,0,3,0,0,0,0,0,5
1106,SFG,1,32,32,15,8,0,184.1,553,799,186,91,85,20,114,70,6,5,1,1,1,0,0,0,0,0,5
