"season_order","position","ab","gp","pa","singles","doubles","triples","hr","tb","r","rbi","bb","ibb","so","hbp","sf","sh","gidp","sb","cs","ba","obp","slg","ops","k_percent","bb_percent","player_id"
1,LAA,1,8,,24,2,3,0,0,1,5,2,0,5,0,1,0,1,0,0,0,0,0,0,0,0,5
1,LAD,2,92,,195,36,8,1,3,28,19,35,3,51,0,0,0,6,6,2,0,0,0,0,0,0,5
2,SEA,1,153,,607,101,22,2,12,84,50,59,7,124,0,1,1,3,13,3,0,0,0,0,0,0,5
3,LAA,1,1,,0,0,0,0,0,1,0,0,0,0,0,0,0,0,0,0,0,0,0,0,0,0,5
3,SDP,2,105,,275,41,15,5,5,35,32,17,1,42,0,2,6,2,8,4,0,0,0,0,0,0,5
4,CHC,1,54,,134,21,10,1,4,16,20,8,0,28,0,2,0,4,4,1,0,0,0,0,0,0,5
4,DET,2,15,,35,5,2,0,0,1,4,2,0,10,0,0,0,3,0,0,0,0,0,0,0,0,5
4,ATL,3,14,,19,2,0,0,0,1,1,1,1,10,0,0,0,0,0,0,0,0,0,0,0,0,5
5,SDP,1,63,,193,38,8,0,0,17,14,20,2,41,0,0,1,4,2,1,0,0,0,0,0,0,5
6,PIT,1,104,,321,44,11,0,11,29,31,29,5,69,7,4,0,4,0,0,0,0,0,0,0,0,5
7,PIT,1,144,,455,79,16,1,8,34,45,20,3,106,8,2,8,9,0,2,0,0,0,0,0,0,5
8,HOU,1,43,,98,16,3,0,1,8,7,5,0,29,1,0,1,1,1,1,0,0,0,0,0,0,5
9,CHC,1,156,,548,102,26,4,7,73,44,33,1,58,3,1,3,11,6,1,0,0,0,0,0,0,5
10,OAK,1,46,,113,15,7,0,1,8,6,22,0,32,1,0,0,1,1,0,0,0,0,0,0,0,5
11,TOR,1,92,,332,39,14,0,27,64,65,59,2,63,4,4,0,11,5,2,0,0,0,0,0,0,5
12,NYM,1,89,,179,28,14,2,3,26,17,25,4,45,5,2,0,0,5,3,0,0,0,0,0,0,5
13,NYM,1,70,,194,22,2,0,8,21,20,19,0,58,0,2,0,3,5,1,0,0,0,0,0,0,5
14,CHW,1,151,,525,83,24,0,16,62,60,40,0,89,7,2,8,10,5,4,0,0,0,0,0,0,5
15,SFG,1,145,,411,73,27,6,7,47,56,54,5,106,3,4,0,2,12,2,0,0,0,0,0,0,5
16,STL,1,151,,547,88,26,1,32,83,97,65,15,124,2,4,1,9,13,6,0,0,0,0,0,0,5
17,TEX,1,156,,604,123,33,2,36,95,102,36,8,82,5,9,0,8,1,0,0,0,0,0,0,0,5
18,WSN,1,129,,227,50,11,0,5,25,25,28,3,53,2,1,3,2,15,3,0,0,0,0,0,0,5
19,DET,1,94,,291,57,10,6,2,44,29,25,0,80,7,1,6,4,21,0,0,0,0,0,0,0,5
20,KCR,1,57,,215,27,14,1,7,21,36,9,0,25,0,3,1,10,0,1,0,0,0,0,0,0,5
21,BAL,1,102,,341,58,19,0,12,41,40,31,0,103,1,3,0,8,0,1,0,0,0,0,0,0,5
22,COL,1,42,,113,22,8,0,2,15,9,4,0,17,3,0,1,4,1,2,0,0,0,0,0,0,5
23,SFG,1,141,,393,72,14,5,5,56,34,51,2,104,2,2,5,0,26,6,0,0,0,0,0,0,5
24,ARI,1,80,,324,72,21,5,0,47,23,12,0,55,0,2,0,5,7,10,0,0,0,0,0,0,5
25,DET,1,132,,470,77,22,2,12,52,54,26,1,104,5,2,0,11,6,3,0,0,0,0,0,0,5
26,HOU,1,146,,355,54,9,2,7,39,28,41,1,96,7,1,0,6,15,4,0,0,0,0,0,0,5
27,MIA,1,64,,244,55,3,4,1,30,11,25,1,52,1,0,4,3,30,3,0,0,0,0,0,0,5
28,LAA,1,101,,168,27,7,0,3,27,19,15,0,44,3,3,6,2,3,1,0,0,0,0,0,0,5
29,ATL,1,155,,624,126,26,10,9,96,57,70,1,155,3,4,2,2,42,13,0,0,0,0,0,0,5
30,CLE,1,149,,552,112,37,4,6,63,60,53,12,56,0,4,0,7,12,9,0,0,0,0,0,0,5
31,MIA,1,31,,100,18,8,0,3,14,8,13,2,16,0,0,0,1,1,1,0,0,0,0,0,0,5
32,MIL,1,154,,598,111,36,3,41,108,112,63,15,128,11,5,0,12,30,7,0,0,0,0,0,0,5
33,COL,1,46,,112,14,7,0,5,14,11,12,0,34,0,2,0,3,2,2,0,0,0,0,0,0,5
34,PHI,1,56,,187,26,11,2,5,21,26,21,2,34,2,2,0,6,0,0,0,0,0,0,0,0,5
35,CIN,1,155,,560,67,35,5,34,89,99,62,11,155,4,7,0,5,9,3,0,0,0,0,0,0,5
36,MIA,1,106,,343,38,15,1,12,29,41,49,5,103,3,2,1,8,0,0,0,0,0,0,0,0,5
37,SFG,1,60,,136,28,1,0,0,15,7,10,1,25,1,1,2,6,5,3,0,0,0,0,0,0,5
38,MIN,1,42,,111,15,6,0,1,7,5,9,0,26,2,0,0,3,0,0,0,0,0,0,0,0,5
39,KCR,1,161,,614,130,32,1,29,72,107,54,9,111,7,4,0,20,2,1,0,0,0,0,0,0,5
40,CHC,1,13,,43,3,0,0,0,1,2,3,1,10,1,0,0,2,0,1,0,0,0,0,0,0,5
40,BOS,2,34,,100,24,2,0,1,9,7,2,0,21,1,2,1,1,0,2,0,0,0,0,0,0,5
41,CLE,1,143,,555,98,35,1,16,70,68,52,3,99,6,2,1,18,9,4,0,0,0,0,0,0,5
42,SDP,1,115,,398,74,19,3,2,49,24,43,2,110,3,0,5,3,44,4,0,0,0,0,0,0,5
43,SFG,1,113,,459,113,25,10,11,84,60,36,4,63,0,5,1,8,13,5,0,0,0,0,0,0,5
44,DET,1,161,,622,121,40,0,44,109,139,66,17,98,3,6,0,28,4,1,0,0,0,0,0,0,5
45,KCR,1,61,,222,41,9,2,7,27,31,15,0,56,3,4,0,4,10,0,0,0,0,0,0,0,5
46,CIN,1,70,,150,18,7,2,1,9,13,4,0,20,1,1,0,4,4,0,0,0,0,0,0,0,5
47,LAA,1,138,,457,85,20,0,10,55,53,56,1,59,0,4,3,6,4,3,0,0,0,0,0,0,5
48,CHC,1,89,,174,40,6,0,0,26,5,11,0,43,0,0,7,0,30,3,0,0,0,0,0,0,5
49,NYY,1,161,,627,114,48,1,33,105,94,61,10,96,7,2,0,22,3,2,0,0,0,0,0,0,5
50,SEA,1,59,,164,24,6,0,5,17,20,21,1,46,3,1,0,7,1,0,0,0,0,0,0,0,5
51,STL,1,114,,296,54,22,5,6,44,46,34,2,63,3,7,0,10,1,1,0,0,0,0,0,0,5
52,CLE,1,48,,147,29,6,3,2,20,11,8,1,35,1,1,1,3,8,1,0,0,0,0,0,0,5
53,MIN,1,138,,470,106,18,1,1,65,40,52,0,65,4,4,7,9,9,5,0,0,0,0,0,0,5
54,OAK,1,67,,218,24,12,0,16,38,39,39,1,83,0,3,0,4,0,0,0,0,0,0,0,0,5
55,MIN,1,106,,299,52,17,2,1,33,30,16,0,52,3,5,3,6,21,1,0,0,0,0,0,0,5
56,CHC,1,52,,170,29,11,0,5,16,22,17,2,51,2,1,0,4,0,0,0,0,0,0,0,0,5
57,HOU,1,87,,257,43,15,2,6,29,29,31,2,61,1,4,2,8,0,0,0,0,0,0,0,0,5
58,CHC,1,162,,646,128,29,12,14,78,78,36,5,100,4,5,0,15,25,13,0,0,0,0,0,0,5
59,NYM,1,78,,166,27,11,1,4,18,22,17,0,35,1,0,2,10,0,1,0,0,0,0,0,0,5
60,OAK,1,129,,487,89,25,5,23,70,82,43,5,102,7,3,0,9,16,4,0,0,0,0,0,0,5
61,BAL,1,64,,158,24,6,0,2,15,12,6,1,24,1,0,4,2,3,2,0,0,0,0,0,0,5
62,NYY,1,113,,278,50,12,0,16,36,37,30,3,59,1,4,0,10,0,0,0,0,0,0,0,0,5
63,CLE,1,43,,142,26,6,1,5,16,16,8,0,27,1,0,0,2,2,1,0,0,0,0,0,0,5
64,CLE,1,155,,598,108,43,2,16,88,67,73,0,150,14,1,0,10,21,7,0,0,0,0,0,0,5
65,BOS,1,76,,259,57,15,2,2,33,19,8,2,47,0,0,5,2,16,3,0,0,0,0,0,0,5
66,CHC,1,69,,199,27,12,0,1,16,16,16,0,39,0,0,0,10,0,1,0,0,0,0,0,0,5
67,MIA,1,39,,93,11,1,0,1,10,10,9,1,12,0,2,1,4,0,2,0,0,0,0,0,0,5
68,COL,1,136,,420,67,27,10,18,62,72,21,0,117,2,1,2,6,7,3,0,0,0,0,0,0,5
69,MIL,1,25,,40,1,0,0,2,2,6,3,0,16,0,1,0,0,0,0,0,0,0,0,0,0,5
69,TBR,2,24,,58,3,5,0,2,4,9,3,0,27,0,0,0,2,0,0,0,0,0,0,0,0,5
70,TOR,1,45,,140,27,11,0,4,16,11,4,0,22,1,0,0,1,0,1,0,0,0,0,0,0,5
71,OAK,1,38,,104,25,2,0,1,10,9,11,0,27,0,1,0,3,3,4,0,0,0,0,0,0,5
72,CIN,1,138,,561,86,33,4,15,72,35,31,0,113,3,3,2,11,4,0,0,0,0,0,0,0,5
73,STL,1,119,,469,87,35,0,22,76,92,37,1,89,1,7,0,15,2,1,0,0,0,0,0,0,5
74,SFG,1,143,,435,75,26,3,4,44,45,33,6,95,3,3,2,4,1,4,0,0,0,0,0,0,5
75,BOS,1,31,,117,18,10,2,3,23,19,3,0,22,2,2,1,1,5,0,0,0,0,0,0,0,5
76,OAK,1,120,,455,75,25,7,11,68,46,45,0,64,0,2,6,9,39,4,0,0,0,0,0,0,5
77,LAD,1,78,,283,58,20,0,6,26,40,9,1,34,2,1,1,7,2,1,0,0,0,0,0,0,5
78,TEX,1,159,,585,83,45,0,24,86,90,48,2,140,5,4,0,7,8,4,0,0,0,0,0,0,5
79,STL,1,51,,126,21,9,1,1,11,11,3,0,19,0,2,0,4,0,1,0,0,0,0,0,0,5
80,COL,1,101,,358,45,30,2,16,53,58,32,1,78,0,4,0,12,8,3,0,0,0,0,0,0,5
81,CLE,1,72,,97,12,4,0,1,5,7,9,1,25,0,0,3,0,0,3,0,0,0,0,0,0,5
82,CLE,1,64,,207,34,6,2,4,25,19,17,0,27,0,0,0,0,4,0,0,0,0,0,0,0,5
83,BAL,1,139,,515,86,20,0,33,75,85,37,6,169,7,3,0,8,2,3,0,0,0,0,0,0,5
84,NYM,1,156,,519,60,26,0,32,66,90,61,3,141,1,3,0,10,0,2,0,0,0,0,0,0,5
85,TOR,1,142,,447,80,24,3,8,64,43,29,3,102,6,4,1,8,46,13,0,0,0,0,0,0,5
86,CHW,1,131,,524,103,29,6,9,81,50,47,3,109,9,1,4,1,26,12,0,0,0,0,0,0,5
87,CHC,1,148,,506,88,28,8,9,76,50,61,1,89,9,4,2,9,7,8,0,0,0,0,0,0,5
88,SDP,1,130,,348,69,19,6,8,56,36,27,0,52,2,3,2,9,13,5,0,0,0,0,0,0,5
89,WSN,1,48,,85,11,5,0,0,13,6,14,0,18,0,1,1,3,1,0,0,0,0,0,0,0,5
90,STL,1,143,,374,64,10,7,4,41,26,37,3,83,5,3,7,5,6,3,0,0,0,0,0,0,5
91,WSN,1,130,,513,90,33,2,25,72,73,30,1,113,3,1,0,17,21,6,0,0,0,0,0,0,5
92,ATL,1,51,,108,16,6,0,2,10,13,9,1,21,0,1,0,4,0,0,0,0,0,0,0,0,5
93,DET,1,88,,314,70,18,5,8,56,35,23,2,53,2,2,3,4,1,1,0,0,0,0,0,0,5
94,MIA,1,120,,319,71,13,2,5,26,39,14,5,53,2,7,0,8,4,2,0,0,0,0,0,0,5
95,HOU,1,31,,109,22,2,2,5,14,16,4,1,17,0,0,0,4,0,0,0,0,0,0,0,0,5
96,CLE,1,43,,124,20,2,1,2,18,11,5,0,40,3,2,1,0,4,0,0,0,0,0,0,0,5
97,OAK,1,75,,274,41,16,0,9,34,33,14,0,61,5,1,0,6,4,1,0,0,0,0,0,0,5
98,MIN,1,134,,484,80,34,1,18,56,75,29,5,98,7,8,0,17,0,0,0,0,0,0,0,0,5
99,HOU,1,91,,178,23,4,1,8,15,16,8,1,38,4,0,1,5,2,4,0,0,0,0,0,0,5
100,MIN,1,84,,316,56,11,1,6,33,33,16,0,58,1,3,4,10,9,2,0,0,0,0,0,0,5
101,ARI,1,40,,135,15,8,1,2,17,12,19,1,35,0,1,0,1,0,1,0,0,0,0,0,0,5
101,OAK,2,39,,152,28,5,0,5,21,16,18,1,41,0,2,0,1,1,1,0,0,0,0,0,0,5
102,NYM,1,121,,401,66,15,0,15,43,57,51,0,120,4,3,0,5,1,0,0,0,0,0,0,0,5
103,CLE,1,81,,232,26,10,0,11,29,31,28,1,59,1,3,0,9,1,2,0,0,0,0,0,0,5
104,CHW,1,151,,539,50,19,0,41,87,96,105,3,222,1,4,0,8,2,1,0,0,0,0,0,0,5
105,KCR,1,102,,292,63,8,5,0,52,9,30,1,56,1,3,4,5,30,5,0,0,0,0,0,0,5
106,ARI,1,22,,85,15,3,2,2,19,5,14,0,15,3,0,1,0,2,3,0,0,0,0,0,0,5
107,LAD,1,133,,423,80,20,1,13,44,52,65,11,107,7,4,6,17,0,0,0,0,0,0,0,0,5
108,LAD,1,110,,415,78,21,1,7,62,31,40,0,70,7,0,2,5,5,0,0,0,0,0,0,0,5
109,BOS,1,74,,303,60,18,0,4,43,26,19,0,43,0,1,0,5,14,3,0,0,0,0,0,0,5
110,TOR,1,151,,542,86,24,0,42,93,110,84,12,94,11,7,0,6,13,3,0,0,0,0,0,0,5
111,KCR,1,155,,605,135,30,7,5,68,52,27,2,100,8,0,8,14,35,5,0,0,0,0,0,0,5
112,CHW,1,36,,87,13,4,1,0,14,3,9,0,23,0,0,1,0,2,0,0,0,0,0,0,0,5
112,MIN,2,14,,44,10,0,0,0,4,6,2,0,8,1,1,1,0,1,0,0,0,0,0,0,0,5
113,TOR,1,145,,558,109,22,1,9,58,51,35,1,70,4,4,7,21,5,1,0,0,0,0,0,0,5
114,WSN,1,160,,594,91,37,2,17,82,56,46,4,189,13,2,3,11,20,6,0,0,0,0,0,0,5
115,LAD,1,149,,556,101,36,1,20,79,89,50,6,124,9,3,0,13,2,2,0,0,0,0,0,0,5
116,DET,1,162,,581,118,33,1,30,83,108,85,18,84,17,7,0,19,1,0,0,0,0,0,0,0,5
117,SEA,1,66,,166,21,5,2,2,18,11,19,0,48,0,2,7,3,4,1,0,0,0,0,0,0,5
118,BAL,1,77,,153,24,2,1,6,15,19,6,0,43,3,1,3,3,1,0,0,0,0,0,0,0,5
119,WSN,1,83,,277,40,12,1,6,22,26,13,3,59,1,3,2,6,1,2,0,0,0,0,0,0,5
120,MIN,1,43,,137,22,5,2,1,16,10,10,0,30,0,0,3,3,3,1,0,0,0,0,0,0,5
121,CHW,1,52,,136,16,6,0,7,19,13,12,0,56,4,0,1,2,2,1,0,0,0,0,0,0,5
122,PHI,1,47,,97,25,2,0,1,13,5,7,2,23,1,0,0,2,0,1,0,0,0,0,0,0,5
123,SDP,1,91,,315,64,13,3,6,45,26,28,0,57,6,1,0,6,8,2,0,0,0,0,0,0,5
124,COL,1,143,,454,94,18,11,13,72,53,68,1,128,0,2,6,5,12,5,0,0,0,0,0,0,5
125,TOR,1,27,,50,6,5,1,0,5,2,4,0,10,0,0,0,0,0,1,0,0,0,0,0,0,5
125,HOU,2,31,,85,15,4,0,2,5,5,5,0,23,0,0,0,0,0,0,0,0,0,0,0,0,5
125,TBR,3,24,,57,6,5,0,2,4,8,4,0,16,0,2,0,1,0,0,0,0,0,0,0,0,5
126,ATL,1,93,,192,25,11,0,9,17,32,11,2,70,1,1,0,5,1,1,0,0,0,0,0,0,5
127,KCR,1,148,,561,87,26,3,16,58,49,34,9,119,7,1,0,14,4,7,0,0,0,0,0,0,5
128,PHI,1,55,,195,51,10,3,2,24,14,9,2,18,5,0,1,4,0,1,0,0,0,0,0,0,5
129,CIN,1,128,,422,64,26,6,19,55,67,36,1,103,3,4,0,9,3,2,0,0,0,0,0,0,5
130,ATL,1,147,,540,82,33,2,23,91,94,64,4,129,7,9,0,10,2,0,0,0,0,0,0,0,5
131,STL,1,144,,501,101,25,1,20,70,79,57,2,122,7,2,0,19,3,3,0,0,0,0,0,0,5
132,TBR,1,44,,98,20,3,2,0,14,5,8,0,14,1,0,0,0,7,2,0,0,0,0,0,0,5
133,STL,1,121,,477,100,18,3,5,69,49,44,1,57,1,4,5,7,12,4,0,0,0,0,0,0,5
134,PHI,1,58,,190,24,15,1,3,14,24,7,0,29,0,0,3,6,0,0,0,0,0,0,0,0,5
135,TEX,1,122,,240,57,12,3,1,31,26,14,1,41,10,0,5,4,13,7,0,0,0,0,0,0,5
136,KCR,1,64,,189,39,10,3,0,22,17,11,0,17,0,2,8,3,9,3,0,0,0,0,0,0,5
137,COL,1,60,,89,15,4,0,1,7,8,20,2,24,2,2,0,4,0,0,0,0,0,0,0,0,5
138,KCR,1,53,,181,34,7,1,1,21,15,8,0,35,0,0,0,4,3,0,0,0,0,0,0,0,5
139,TBR,1,42,,100,21,4,0,1,10,9,8,0,24,0,0,1,4,0,0,0,0,0,0,0,0,5
140,ARI,1,145,,514,83,43,1,20,82,82,60,4,130,4,9,0,9,18,3,0,0,0,0,0,0,5
141,OAK,1,99,,279,45,10,0,18,46,47,44,2,104,8,1,1,2,3,1,0,0,0,0,0,0,5
142,TOR,1,43,,98,12,4,0,4,9,13,6,0,32,3,3,1,3,0,0,0,0,0,0,0,0,5
143,MIL,1,137,,415,66,19,4,19,72,51,20,1,98,8,3,6,6,37,6,0,0,0,0,0,0,5
144,BOS,1,37,,102,19,5,2,2,14,17,8,0,26,0,1,0,4,0,0,0,0,0,0,0,0,5
145,BOS,1,123,,484,93,37,0,15,63,86,31,4,81,5,7,0,9,0,0,0,0,0,0,0,0,5
145,LAD,2,36,,145,29,10,1,3,12,22,11,1,29,0,1,0,1,2,0,0,0,0,0,0,0,5
146,COL,1,135,,518,99,31,5,22,89,85,56,11,115,2,3,0,11,20,5,0,0,0,0,0,0,5
147,HOU,1,80,,205,33,13,0,2,21,12,13,0,29,0,0,1,9,3,3,0,0,0,0,0,0,5
148,KCR,1,161,,642,119,51,5,14,93,72,73,3,140,3,3,0,14,10,5,0,0,0,0,0,0,5
149,LAD,1,87,,303,57,9,2,1,38,17,20,0,62,3,2,2,5,32,10,0,0,0,0,0,0,5
150,TOR,1,56,,166,26,7,3,1,25,11,17,0,59,2,0,4,1,15,3,0,0,0,0,0,0,5
151,SDP,1,60,,192,41,7,1,8,28,36,31,1,39,1,2,0,8,0,0,0,0,0,0,0,0,5
152,NYY,1,160,,596,73,18,4,43,102,106,75,4,195,5,7,1,5,10,3,0,0,0,0,0,0,5
153,MIL,1,58,,103,9,7,0,3,8,14,10,0,24,2,2,0,3,0,0,0,0,0,0,0,0,5
154,STL,1,77,,179,24,9,2,4,16,19,13,1,56,1,2,2,4,9,2,0,0,0,0,0,0,5
154,HOU,2,39,,126,18,6,0,7,18,11,6,0,39,0,1,0,3,3,2,0,0,0,0,0,0,5
155,SEA,1,40,,150,24,10,1,4,18,17,9,0,31,2,1,1,5,3,1,0,0,0,0,0,0,5
156,SDP,1,120,,287,42,18,2,9,32,48,29,3,71,2,2,1,2,3,3,0,0,0,0,0,0,5
157,LAD,1,103,,259,48,8,4,0,29,17,16,2,52,0,0,2,6,13,6,0,0,0,0,0,0,5
158,CLE,1,66,,219,30,6,2,12,23,34,32,2,47,9,3,0,9,0,0,0,0,0,0,0,0,5
159,LAD,1,78,,238,47,13,1,4,19,26,23,2,27,3,2,1,7,1,2,0,0,0,0,0,0,5
160,NYM,1,134,,377,51,25,3,20,52,57,19,0,83,1,1,0,10,8,2,0,0,0,0,0,0,5
161,TEX,1,148,,562,84,31,2,43,103,128,60,13,162,5,9,0,9,7,4,0,0,0,0,0,0,5
162,CIN,1,112,,317,71,14,0,2,25,24,44,13,37,3,3,4,6,0,0,0,0,0,0,0,0,5
163,CLE,1,105,,287,50,16,0,4,23,29,27,0,63,2,1,1,9,0,2,0,0,0,0,0,0,5
164,BAL,1,158,,663,104,30,2,22,85,68,38,4,106,3,2,7,21,0,0,0,0,0,0,0,0,5
165,WSN,1,139,,533,87,26,9,22,98,59,56,0,120,2,3,3,8,18,6,0,0,0,0,0,0,5
166,PIT,1,104,,249,41,9,5,3,34,16,10,0,37,7,3,7,3,7,3,0,0,0,0,0,0,5
167,MIL,1,149,,562,83,35,4,30,91,83,44,5,151,11,3,2,13,5,0,0,0,0,0,0,0,5
168,MIA,1,39,,114,17,6,0,0,7,3,4,3,49,0,0,0,1,1,0,0,0,0,0,0,0,5
169,SDP,1,161,,604,109,31,2,31,95,115,86,2,157,4,5,0,7,17,6,0,0,0,0,0,0,5
170,TOR,1,41,,126,22,8,0,2,10,15,4,0,32,1,1,5,2,0,0,0,0,0,0,0,0,5
171,CIN,1,120,,347,64,16,5,7,44,31,18,0,81,7,0,3,8,6,3,0,0,0,0,0,0,5
172,COL,1,69,,240,33,16,1,7,31,37,39,1,44,1,3,0,6,1,1,0,0,0,0,0,0,5
173,PIT,1,25,,24,2,0,0,0,2,2,1,0,5,1,0,0,1,2,0,0,0,0,0,0,0,5
173,MIA,2,45,,132,20,2,3,3,16,11,12,0,37,2,0,1,1,5,2,0,0,0,0,0,0,5
174,COL,1,52,,184,25,10,0,5,16,28,6,1,32,2,2,2,4,0,1,0,0,0,0,0,0,5
175,LAD,1,67,,187,35,10,1,1,26,17,23,0,50,2,0,2,5,4,2,0,0,0,0,0,0,5
176,COL,1,86,,225,46,9,1,3,29,12,16,3,39,2,0,7,5,4,1,0,0,0,0,0,0,5
177,ATL,1,158,,587,95,30,6,27,93,82,58,1,152,2,3,0,4,21,8,0,0,0,0,0,0,5
178,ARI,1,156,,609,108,44,6,26,93,85,52,7,86,4,2,1,15,14,5,0,0,0,0,0,0,5
179,ATL,1,91,,132,16,7,1,2,9,13,14,2,41,0,1,0,5,0,0,0,0,0,0,0,0,5
180,STL,1,157,,599,112,36,2,27,95,102,75,3,132,9,5,0,16,4,4,0,0,0,0,0,0,5
181,KCR,1,152,,535,86,22,2,14,65,60,56,4,95,2,5,0,10,16,1,0,0,0,0,0,0,5
182,PHI,1,71,,260,32,11,0,14,28,56,25,7,99,4,3,0,8,0,0,0,0,0,0,0,0,5
183,SDP,1,35,,123,20,0,5,1,11,11,8,0,27,0,0,0,3,3,2,0,0,0,0,0,0,5
183,CHW,2,51,,137,19,3,3,2,10,17,12,1,24,0,0,3,3,3,1,0,0,0,0,0,0,5
184,SDP,1,58,,204,21,7,1,3,14,22,15,2,56,2,3,1,4,0,3,0,0,0,0,0,0,5
185,LAA,1,140,,534,126,24,1,16,81,92,38,1,133,8,3,1,15,9,1,0,0,0,0,0,0,5
186,LAA,1,79,,221,37,6,1,9,27,26,29,0,60,2,1,0,4,1,3,0,0,0,0,0,0,5
187,NYY,1,130,,384,51,19,3,19,50,62,35,5,67,4,2,0,14,3,0,0,0,0,0,0,0,5
188,MIA,1,85,,328,61,23,2,8,42,33,12,0,42,1,2,4,7,10,1,0,0,0,0,0,0,5
188,DET,2,64,,226,42,7,5,4,27,20,9,0,23,0,2,4,2,7,2,0,0,0,0,0,0,5
189,DET,1,9,,20,0,1,0,1,2,2,0,0,6,0,0,0,0,0,0,0,0,0,0,0,0,5
189,OAK,2,74,,283,40,13,0,11,31,52,24,1,85,1,3,0,8,0,1,0,0,0,0,0,0,5
190,MIL,1,94,,152,22,12,1,4,19,30,13,3,42,4,1,4,4,0,0,0,0,0,0,0,0,5
191,MIL,1,57,,162,28,6,2,2,9,11,3,0,13,0,0,4,7,1,1,0,0,0,0,0,0,5
191,WSN,2,5,,4,1,1,0,0,4,0,0,0,0,0,0,0,0,0,0,0,0,0,0,0,0,5
192,LAA,1,100,,289,61,11,0,2,35,20,25,0,38,2,0,3,10,17,2,0,0,0,0,0,0,5
193,DET,1,137,,543,108,29,10,16,103,66,67,0,134,2,3,2,9,12,9,0,0,0,0,0,0,5
194,CHC,1,44,,120,10,6,1,4,14,9,22,0,59,0,0,0,1,0,3,0,0,0,0,0,0,5
195,ATL,1,55,,167,24,6,1,0,18,9,17,0,30,2,0,0,1,1,0,0,0,0,0,0,0,5
196,SEA,1,108,,294,50,19,2,10,41,50,56,1,51,5,5,1,6,5,0,0,0,0,0,0,0,5
197,STL,1,117,,443,105,22,4,4,70,40,34,3,71,15,1,9,9,19,7,0,0,0,0,0,0,5
198,TBR,1,132,,505,85,19,7,13,85,47,46,1,120,5,1,6,7,31,2,0,0,0,0,0,0,5
199,NYY,1,159,,683,169,32,0,15,99,58,45,1,90,5,1,6,24,9,4,0,0,0,0,0,0,5
200,HOU,1,92,,341,63,21,3,8,36,41,23,1,92,3,1,0,12,4,1,0,0,0,0,0,0,5
200,ARI,2,44,,147,26,7,2,7,12,35,8,1,40,1,3,1,6,1,0,0,0,0,0,0,0,5
201,TBR,1,123,,297,54,10,2,6,32,33,24,0,84,3,2,5,3,18,6,0,0,0,0,0,0,5
202,TOR,1,142,,507,77,19,2,16,61,55,62,4,159,5,4,2,8,14,2,0,0,0,0,0,0,5
203,BAL,1,38,,87,10,4,0,4,9,11,11,0,26,4,0,0,4,2,0,0,0,0,0,0,0,5
204,CHC,1,76,,169,36,9,3,3,23,16,10,1,43,4,0,0,3,2,1,0,0,0,0,0,0,5
204,ATL,2,43,,100,22,5,0,0,7,4,3,0,18,2,0,0,1,0,1,0,0,0,0,0,0,5
205,BAL,1,162,,648,112,39,3,32,103,82,34,0,126,13,2,0,15,16,7,0,0,0,0,0,0,5
206,NYY,1,94,,233,25,7,0,14,27,34,28,1,71,5,3,0,2,0,0,0,0,0,0,0,0,5
207,ATL,1,112,,387,74,23,0,14,58,62,57,6,51,1,3,0,15,1,0,0,0,0,0,0,0,5
208,PIT,1,145,,475,72,28,3,27,68,86,33,2,103,0,7,0,3,2,0,0,0,0,0,0,0,5
209,TBR,1,124,,399,58,18,3,17,55,59,55,4,102,6,1,1,10,4,3,0,0,0,0,0,0,5
210,OAK,1,39,,128,17,9,0,4,13,14,10,0,28,1,0,0,6,1,0,0,0,0,0,0,0,5
211,BOS,1,36,,96,19,3,0,0,12,5,6,0,26,0,1,0,4,3,2,0,0,0,0,0,0,5
212,SEA,1,61,,104,19,1,0,0,13,7,8,0,18,1,0,2,2,2,2,0,0,0,0,0,0,5
213,MIA,1,87,,147,26,6,0,4,21,16,22,1,44,6,0,0,8,2,1,0,0,0,0,0,0,5
214,DET,1,75,,113,17,2,1,1,14,7,14,0,22,0,0,0,2,2,0,0,0,0,0,0,0,5
215,LAD,1,106,,403,75,22,2,23,74,69,40,8,103,3,3,0,10,9,4,0,0,0,0,0,0,5
216,LAA,1,147,,550,115,32,3,8,57,67,29,1,115,4,5,6,26,14,6,0,0,0,0,0,0,5
217,LAD,1,86,,168,33,8,1,2,22,16,23,1,33,1,5,4,5,1,1,0,0,0,0,0,0,5
218,TBR,1,115,,385,100,15,1,9,46,40,24,0,31,4,4,1,14,1,0,0,0,0,0,0,0,5
219,TEX,1,157,,655,102,42,5,19,105,72,60,0,90,10,5,1,14,21,9,0,0,0,0,0,0,5
220,CLE,1,152,,591,112,22,4,14,86,76,67,2,109,5,6,3,12,31,7,0,0,0,0,0,0,5
221,CHW,1,144,,533,111,22,0,26,66,75,56,4,83,7,2,0,16,0,0,0,0,0,0,0,0,5
222,CLE,1,142,,463,82,12,0,12,46,55,26,1,49,7,1,3,15,3,0,0,0,0,0,0,0,5
223,SDP,1,82,,143,27,8,0,2,9,14,11,1,14,1,1,0,2,0,2,0,0,0,0,0,0,5
224,MIL,1,58,,86,11,4,0,3,10,12,29,1,24,0,0,1,2,0,0,0,0,0,0,0,0,5
224,OAK,2,27,,85,9,2,1,6,10,19,8,0,24,0,0,0,2,0,0,0,0,0,0,0,0,5
225,PHI,1,50,,141,17,9,0,9,14,26,11,2,34,2,3,0,2,0,0,0,0,0,0,0,0,5
226,ARI,1,141,,506,64,30,4,30,75,90,57,7,151,2,6,0,11,1,1,0,0,0,0,0,0,5
227,CHC,1,130,,340,55,17,0,16,42,40,39,3,124,0,1,0,8,4,2,0,0,0,0,0,0,5
228,DET,1,63,,174,38,8,1,2,24,11,14,0,21,1,1,1,4,0,0,0,0,0,0,0,0,5
229,WSN,1,154,,571,86,35,1,33,76,100,67,7,138,0,9,0,10,1,1,0,0,0,0,0,0,5
230,BOS,1,46,,153,14,8,0,2,11,12,11,0,41,0,2,0,4,0,0,0,0,0,0,0,0,5
231,TOR,1,125,,494,95,26,3,11,73,48,33,0,86,5,2,2,9,13,8,0,0,0,0,0,0,5
232,HOU,1,66,,258,53,15,1,5,24,29,19,2,17,0,0,0,7,0,0,0,0,0,0,0,0,5
232,MIA,2,81,,292,55,12,0,4,29,48,39,2,32,1,6,0,6,3,0,0,0,0,0,0,0,5
233,COL,1,81,,229,50,12,4,2,26,22,13,4,42,0,2,3,8,1,2,0,0,0,0,0,0,5
234,SEA,1,38,,116,18,4,1,3,8,10,9,0,49,0,1,0,0,2,1,0,0,0,0,0,0,5
235,CHW,1,49,,63,10,1,0,0,10,2,4,0,26,1,1,1,0,7,2,0,0,0,0,0,0,5
235,BOS,2,10,,16,2,0,0,0,0,0,0,0,5,0,0,0,0,0,0,0,0,0,0,0,0,5
235,CLE,3,43,,111,16,5,0,3,15,8,7,0,40,3,2,0,2,6,0,0,0,0,0,0,0,5
236,TOR,1,93,,321,55,14,2,11,28,45,29,1,61,0,3,0,10,0,0,0,0,0,0,0,0,5
237,TBR,1,69,,167,25,10,0,2,16,20,24,1,46,2,2,2,6,0,1,0,0,0,0,0,0,5
238,WSN,1,126,,384,83,16,3,3,40,27,19,1,46,6,1,6,1,5,3,0,0,0,0,0,0,5
239,LAD,1,114,,334,63,18,0,4,32,33,23,7,39,0,1,1,16,0,3,0,0,0,0,0,0,5
239,BOS,2,30,,100,19,2,0,2,5,8,5,0,12,0,1,0,5,0,0,0,0,0,0,0,0,5
240,TBR,1,74,,273,48,14,0,17,39,55,33,6,61,3,3,0,14,2,3,0,0,0,0,0,0,5
241,CLE,1,66,,213,36,13,0,4,16,28,8,0,35,0,3,0,8,0,1,0,0,0,0,0,0,5
241,CHW,2,15,,23,4,1,0,0,2,0,1,0,6,0,0,0,1,0,0,0,0,0,0,0,0,5
242,HOU,1,97,,340,49,18,0,16,43,42,43,0,65,2,2,0,3,2,0,0,0,0,0,0,0,5
243,MIL,1,96,,316,68,17,4,12,46,58,22,1,44,4,3,1,12,4,1,0,0,0,0,0,0,5
244,CIN,1,125,,422,61,28,1,26,53,80,42,3,97,5,2,1,9,0,1,0,0,0,0,0,0,5
245,BAL,1,51,,191,32,8,3,7,24,26,9,0,38,0,1,1,6,2,0,0,0,0,0,0,0,5
246,MIL,1,78,,233,45,9,0,8,22,30,17,0,56,2,0,4,5,1,1,0,0,0,0,0,0,5
247,BAL,1,104,,420,81,28,3,13,59,54,42,3,51,4,5,0,11,1,1,0,0,0,0,0,0,5
248,CLE,1,70,,195,34,8,2,0,27,13,36,0,44,1,1,2,10,4,2,0,0,0,0,0,0,5
249,PIT,1,47,,167,29,3,6,5,18,17,8,0,50,3,2,2,5,12,5,0,0,0,0,0,0,5
250,NYY,1,133,,422,50,18,0,21,50,53,53,0,95,8,0,2,13,6,1,0,0,0,0,0,0,5
251,HOU,1,41,,118,14,7,1,6,12,14,6,0,34,5,1,0,1,0,1,0,0,0,0,0,0,5
252,HOU,1,113,,395,67,14,3,11,34,55,40,0,96,1,2,0,18,0,2,0,0,0,0,0,0,5
253,PHI,1,45,,115,15,3,0,2,10,7,5,2,21,0,0,2,4,0,0,0,0,0,0,0,0,5
254,MIN,1,77,,163,33,3,2,3,22,17,18,0,45,1,1,3,4,21,3,0,0,0,0,0,0,5
255,CHC,1,103,,225,31,11,0,5,18,19,14,1,46,1,2,1,4,5,2,0,0,0,0,0,0,5
256,TOR,1,71,,211,25,13,0,8,25,27,9,0,68,0,1,6,2,1,0,0,0,0,0,0,0,5
257,TBR,1,34,,95,11,1,0,2,7,7,8,1,22,0,0,0,5,0,0,0,0,0,0,0,0,5
258,MIN,1,147,,545,129,31,4,10,81,85,90,10,88,2,3,1,23,8,4,0,0,0,0,0,0,5
259,HOU,1,124,,315,38,13,3,18,46,53,32,0,114,3,2,0,6,9,4,0,0,0,0,0,0,5
260,PHI,1,149,,441,70,24,0,14,53,46,34,2,111,2,2,0,17,1,0,0,0,0,0,0,0,5
261,SDP,1,147,,507,90,20,5,8,67,45,44,1,110,4,3,3,12,26,7,0,0,0,0,0,0,5
262,ATL,1,121,,439,67,14,0,20,44,67,44,7,76,1,3,0,15,3,0,0,0,0,0,0,0,5
263,PIT,1,157,,593,128,29,6,31,107,96,70,13,132,5,5,0,9,20,12,0,0,0,0,0,0,5
264,BOS,1,38,,84,9,7,0,2,17,9,12,0,17,0,1,2,1,1,1,0,0,0,0,0,0,5
264,NYY,2,4,,4,0,0,0,0,0,0,0,0,2,0,0,0,0,0,0,0,0,0,0,0,0,5
265,ARI,1,70,,197,34,9,0,6,16,22,12,5,33,1,0,2,3,0,1,0,0,0,0,0,0,5
266,PIT,1,92,,265,39,13,1,8,27,35,24,0,60,2,2,0,7,1,1,0,0,0,0,0,0,5
266,NYY,2,22,,53,4,3,0,1,9,6,5,0,10,0,1,0,3,0,0,0,0,0,0,0,0,5
267,PIT,1,88,,240,30,14,0,12,25,39,29,1,73,3,3,0,7,0,0,0,0,0,0,0,0,5
268,PIT,1,34,,57,6,2,0,0,4,2,5,0,18,0,0,0,0,0,0,0,0,0,0,0,0,5
268,BAL,2,55,,209,36,12,1,7,35,18,22,1,43,2,1,2,2,12,1,0,0,0,0,0,0,5
269,CIN,1,54,,165,22,8,0,5,17,14,17,4,33,1,1,0,2,1,1,0,0,0,0,0,0,5
270,BOS,1,75,,267,48,14,0,15,34,54,13,0,70,3,3,0,8,4,1,0,0,0,0,0,0,5
271,TBR,1,102,,251,39,9,0,8,27,32,20,0,60,2,0,1,9,3,1,0,0,0,0,0,0,5
272,STL,1,138,,505,109,28,0,22,65,76,45,4,55,5,5,3,10,12,3,0,0,0,0,0,0,5
273,SEA,1,135,,515,99,20,0,15,46,62,29,4,99,2,7,0,15,0,2,0,0,0,0,0,0,5
274,ARI,1,141,,486,97,25,2,15,65,88,73,6,130,12,2,0,15,0,0,0,0,0,0,0,0,5
275,HOU,1,72,,201,32,11,0,9,23,26,16,2,56,7,3,1,3,0,1,0,0,0,0,0,0,5
276,WSN,1,75,,156,22,9,0,10,20,29,14,0,46,1,0,0,3,3,0,0,0,0,0,0,0,5
277,LAA,1,134,,484,83,26,1,22,61,73,31,1,116,4,3,0,11,0,1,0,0,0,0,0,0,5
278,CHW,1,35,,113,18,2,0,0,14,5,7,0,39,0,0,5,3,4,1,0,0,0,0,0,0,5
279,TEX,1,114,,327,57,18,0,15,41,50,23,5,71,1,4,2,8,1,1,0,0,0,0,0,0,5
280,MIL,1,122,,289,58,5,3,3,44,16,20,0,63,6,0,7,4,12,5,0,0,0,0,0,0,5
281,MIN,1,134,,505,88,26,2,19,63,77,49,8,102,6,10,0,19,1,0,0,0,0,0,0,0,5
282,MIA,1,93,,296,41,15,1,11,30,36,31,2,58,4,3,0,9,1,0,0,0,0,0,0,0,5
283,WSN,1,102,,406,82,17,1,18,53,62,16,0,97,4,4,0,14,0,1,0,0,0,0,0,0,5
284,OAK,1,84,,265,38,18,0,21,48,52,26,2,90,3,2,0,5,1,1,0,0,0,0,0,0,5
285,KCR,1,149,,563,81,34,1,20,69,73,39,4,124,7,5,0,4,5,2,0,0,0,0,0,0,5
286,NYM,1,156,,571,117,40,3,6,62,65,36,5,82,1,4,0,12,10,2,0,0,0,0,0,0,5
287,TEX,1,147,,457,92,29,3,15,65,61,54,7,74,4,4,0,7,10,5,0,0,0,0,0,0,5
288,MIA,1,52,,116,14,6,2,3,13,12,9,1,35,2,1,1,4,1,1,0,0,0,0,0,0,5
289,WSN,1,40,,102,10,3,0,3,6,6,7,2,24,0,0,0,3,1,0,0,0,0,0,0,0,5
289,SFG,2,19,,50,7,3,1,1,6,7,6,0,13,1,0,0,5,0,0,0,0,0,0,0,0,5
290,TEX,1,108,,352,45,9,2,24,53,56,56,5,125,7,2,0,9,1,0,0,0,0,0,0,0,5
291,BOS,1,88,,267,38,21,0,6,38,33,37,1,63,9,2,2,5,3,0,0,0,0,0,0,0,5
292,COL,1,111,,345,71,21,3,9,45,53,27,4,84,1,2,2,9,2,1,0,0,0,0,0,0,5
293,NYM,1,47,,109,15,3,0,1,8,13,8,0,27,2,1,2,1,0,0,0,0,0,0,0,0,5
294,NYM,1,91,,282,51,12,1,7,40,28,25,0,98,2,2,3,2,4,4,0,0,0,0,0,0,5
295,NYY,1,74,,177,26,13,0,4,24,18,14,0,53,2,0,9,4,6,3,0,0,0,0,0,0,5
296,PHI,1,70,,114,15,10,0,3,13,16,12,0,42,0,1,0,1,0,0,0,0,0,0,0,0,5
297,OAK,1,60,,209,26,8,1,7,19,34,21,1,66,1,1,0,6,5,1,0,0,0,0,0,0,5
298,NYY,1,38,,89,20,4,1,1,14,11,6,0,12,1,4,0,1,11,2,0,0,0,0,0,0,5
299,SEA,1,87,,315,44,14,0,12,27,29,7,0,85,0,0,1,8,3,6,0,0,0,0,0,0,5
300,BOS,1,90,,324,54,26,0,23,65,60,56,13,51,0,3,0,6,0,1,0,0,0,0,0,0,5
301,ARI,1,45,,96,17,9,0,2,11,10,12,2,26,0,1,0,3,0,0,0,0,0,0,0,0,5
301,ATL,2,20,,20,1,1,0,0,1,0,1,0,8,0,0,0,1,0,0,0,0,0,0,0,0,5
302,COL,1,132,,475,107,32,3,5,51,54,22,2,61,3,4,1,13,7,2,0,0,0,0,0,0,5
303,SFG,1,154,,605,113,38,15,8,95,56,48,5,97,0,4,2,6,29,7,0,0,0,0,0,0,5
304,MIN,1,64,,192,27,10,2,5,18,20,13,1,52,4,1,0,4,0,0,0,0,0,0,0,0,5
305,ARI,1,133,,385,75,21,2,7,58,36,33,4,77,4,2,6,4,15,9,0,0,0,0,0,0,5
306,SDP,1,55,,116,18,5,0,1,9,6,17,7,35,2,1,2,2,1,0,0,0,0,0,0,0,5
307,ATL,1,76,,169,32,6,1,2,21,13,10,1,32,1,1,7,5,2,0,0,0,0,0,0,0,5
308,BAL,1,28,,71,11,4,0,3,8,14,8,0,17,0,2,2,1,0,1,0,0,0,0,0,0,5
308,HOU,2,21,,63,11,4,1,0,2,8,7,1,16,3,2,0,3,1,1,0,0,0,0,0,0,5
308,NYY,3,12,,25,3,0,0,1,6,4,5,0,8,0,0,0,0,0,0,0,0,0,0,0,0,5
309,BOS,1,141,,563,106,39,3,15,81,65,48,3,60,5,6,1,9,20,6,0,0,0,0,0,0,5
310,KCR,1,68,,212,37,10,1,2,16,25,9,0,24,0,4,1,7,0,1,0,0,0,0,0,0,5
311,TBR,1,160,,497,60,17,2,19,72,61,87,2,182,13,3,0,10,2,3,0,0,0,0,0,0,5
312,PHI,1,101,,398,74,15,2,17,59,59,37,1,85,3,2,0,13,4,2,0,0,0,0,0,0,5
312,SFG,2,59,,219,28,11,2,7,28,45,19,1,60,4,5,1,1,1,0,0,0,0,0,0,0,5
313,OAK,1,125,,418,64,18,2,6,50,28,35,0,90,2,2,5,1,15,6,0,0,0,0,0,0,5
314,DET,1,150,,531,79,32,3,13,58,63,49,3,105,2,2,1,20,1,2,0,0,0,0,0,0,5
315,KCR,1,76,,289,60,16,0,11,38,39,12,3,27,1,3,0,14,0,0,0,0,0,0,0,0,5
316,MIA,1,84,,241,35,9,3,0,29,17,25,0,58,1,1,5,3,8,2,0,0,0,0,0,0,5
317,CIN,1,147,,580,114,30,1,18,86,77,28,2,79,8,4,3,19,15,2,0,0,0,0,0,0,5
318,PHI,1,130,,394,104,10,6,1,59,25,23,0,27,4,1,17,4,37,7,0,0,0,0,0,0,5
319,CHW,1,135,,479,84,18,4,27,68,77,28,5,78,8,4,1,8,0,0,0,0,0,0,0,0,5
320,SFG,1,48,,105,15,3,0,4,10,11,6,1,19,2,0,1,5,1,0,0,0,0,0,0,0,5
321,MIN,1,119,,422,55,19,1,24,56,55,37,0,92,4,2,0,9,1,3,0,0,0,0,0,0,5
322,BOS,1,63,,199,52,7,0,1,19,12,6,0,35,1,2,8,3,8,2,0,0,0,0,0,0,5
323,PHI,1,90,,303,61,15,0,2,28,19,18,1,25,2,1,4,7,0,0,0,0,0,0,0,0,5
324,SFG,1,148,,530,114,39,1,24,78,103,69,7,96,2,9,0,19,1,1,0,0,0,0,0,0,5
325,ATL,1,156,,617,128,42,6,10,81,70,58,2,69,2,9,4,19,17,4,0,0,0,0,0,0,5
326,PIT,1,104,,346,51,14,7,10,46,25,18,0,72,2,0,4,5,9,7,0,0,0,0,0,0,5
327,LAA,1,154,,607,93,50,0,30,85,105,52,16,76,5,6,0,19,8,1,0,0,0,0,0,0,5
328,BOS,1,65,,125,18,6,0,1,14,10,19,0,33,0,2,2,5,5,0,0,0,0,0,0,0,5
328,LAD,2,22,,35,9,1,0,0,6,0,6,0,9,0,0,2,0,1,0,0,0,0,0,0,0,5
329,SDP,1,86,,284,37,21,0,16,44,46,36,2,41,17,3,0,6,0,1,0,0,0,0,0,0,5
330,NYM,1,29,,70,12,5,0,1,13,4,8,1,17,2,0,0,2,0,0,0,0,0,0,0,0,5
330,BAL,2,36,,99,17,3,0,3,12,12,8,0,25,0,2,1,1,0,1,0,0,0,0,0,0,5
331,KCR,1,43,,138,19,12,0,1,7,19,4,0,28,1,1,0,1,0,1,0,0,0,0,0,0,5
332,DET,1,66,,205,20,14,0,1,14,12,13,0,53,2,1,1,7,1,1,0,0,0,0,0,0,5
333,CHW,1,158,,593,120,24,4,9,59,73,16,2,77,4,4,4,15,20,7,0,0,0,0,0,0,5
334,MIL,1,149,,570,91,50,3,27,92,105,44,3,82,12,4,0,14,9,2,0,0,0,0,0,0,5
335,MIA,1,93,,353,53,18,2,14,49,48,37,1,72,3,2,0,11,14,4,0,0,0,0,0,0,5
335,LAD,2,64,,251,45,11,2,10,30,44,17,3,60,3,1,0,6,7,3,0,0,0,0,0,0,5
336,ARI,1,26,,78,9,7,0,5,11,16,7,0,30,3,0,0,1,0,0,0,0,0,0,0,0,5
336,MIL,2,64,,168,20,7,0,6,18,26,23,0,79,0,0,3,5,0,1,0,0,0,0,0,0,5
337,TOR,1,151,,565,77,21,5,23,75,75,47,5,149,7,4,2,7,4,3,0,0,0,0,0,0,5
338,OAK,1,156,,611,82,29,5,32,85,85,55,8,151,2,4,1,15,11,1,0,0,0,0,0,0,5
339,MIN,1,124,,511,131,13,6,0,70,32,29,0,54,3,4,6,8,40,9,0,0,0,0,0,0,5
340,MIA,1,160,,642,124,37,12,11,86,57,63,9,56,0,6,5,10,40,11,0,0,0,0,0,0,5
341,BAL,1,135,,457,52,26,0,23,65,69,73,2,159,6,2,0,19,1,3,0,0,0,0,0,0,5
342,TBR,1,47,,123,24,2,1,1,11,8,10,0,17,3,1,0,1,1,2,0,0,0,0,0,0,5
343,CHW,1,157,,605,114,37,8,25,93,91,26,3,92,4,5,0,18,23,6,0,0,0,0,0,0,5
344,LAD,1,109,,312,53,14,0,9,30,47,18,1,35,3,6,0,15,1,3,0,0,0,0,0,0,5
345,CHC,1,87,,337,66,15,0,15,44,48,27,1,62,3,1,0,7,3,2,0,0,0,0,0,0,5
346,ARI,1,83,,252,48,9,0,6,28,34,22,1,45,0,4,2,10,6,3,0,0,0,0,0,0,5
346,TBR,2,60,,187,24,10,0,6,23,18,18,0,47,1,2,1,3,4,3,0,0,0,0,0,0,5
347,STL,1,102,,166,31,8,0,3,20,16,14,2,32,0,1,0,5,1,0,0,0,0,0,0,0,5
348,SEA,1,46,,145,24,4,1,3,16,12,14,1,43,1,0,4,2,6,3,0,0,0,0,0,0,5
349,NYY,1,122,,463,90,17,1,18,74,57,51,3,116,10,5,0,13,13,1,0,0,0,0,0,0,5
350,TBR,1,112,,301,43,14,1,6,36,32,27,1,75,3,3,8,7,5,0,0,0,0,0,0,0,5
351,CIN,1,92,,294,45,17,2,8,26,39,30,0,62,3,3,0,5,2,1,0,0,0,0,0,0,5
352,PHI,1,156,,632,97,33,5,23,102,68,62,2,96,0,3,2,9,30,5,0,0,0,0,0,0,5
353,OAK,1,42,,99,15,5,0,2,12,8,11,1,24,0,1,0,4,0,0,0,0,0,0,0,0,5
354,COL,1,117,,396,60,19,0,28,67,71,25,2,99,1,4,0,10,4,5,0,0,0,0,0,0,5
355,BOS,1,130,,476,70,34,1,22,70,81,42,3,129,3,6,1,11,2,3,0,0,0,0,0,0,5
356,ATL,1,62,,176,29,7,0,9,18,23,18,0,60,0,2,0,5,1,0,0,0,0,0,0,0,5
357,MIA,1,91,,288,53,23,1,13,38,36,29,0,84,0,1,1,6,14,8,0,0,0,0,0,0,5
358,PHI,1,114,,372,73,32,0,16,56,68,29,6,50,16,4,0,6,4,0,0,0,0,0,0,0,5
359,COL,1,73,,277,43,20,5,8,37,37,9,0,54,4,1,0,8,7,0,0,0,0,0,0,0,5
360,SEA,1,141,,407,54,19,3,3,42,31,44,0,98,5,6,8,4,11,5,0,0,0,0,0,0,5
361,BOS,1,121,,405,47,17,1,25,55,59,38,0,139,1,4,0,5,0,1,0,0,0,0,0,0,5
362,MIA,1,55,,183,24,10,0,3,12,17,12,1,36,0,1,0,7,1,0,0,0,0,0,0,0,5
362,PIT,2,50,,116,18,6,0,4,18,13,13,1,20,1,0,0,6,0,0,0,0,0,0,0,0,5
363,SFG,1,74,,218,43,15,0,3,22,34,5,0,52,1,3,0,8,0,0,0,0,0,0,0,0,5
364,SFG,1,108,,396,73,25,2,12,59,63,38,4,59,1,7,0,13,1,1,0,0,0,0,0,0,5
365,CLE,1,143,,507,81,27,2,18,72,76,91,4,101,3,8,0,21,3,5,0,0,0,0,0,0,5
366,DET,1,93,,228,37,7,1,2,19,17,20,1,39,5,1,5,7,1,0,0,0,0,0,0,0,5
367,SEA,1,139,,507,72,31,3,19,71,57,43,0,132,1,1,1,6,21,4,0,0,0,0,0,0,5
368,HOU,1,106,,313,50,10,2,4,40,23,36,3,106,3,1,6,3,27,9,0,0,0,0,0,0,5
369,SFG,1,77,,175,30,4,5,5,15,16,18,2,36,1,2,0,1,3,2,0,0,0,0,0,0,5
369,PHI,2,37,,66,13,4,0,1,5,5,5,0,10,0,1,1,0,0,0,0,0,0,0,0,0,5
370,STL,1,107,,272,56,14,4,1,37,28,27,2,50,0,2,3,6,1,1,0,0,0,0,0,0,5
371,TBR,1,96,,314,35,22,1,14,35,55,21,3,80,5,4,0,9,5,0,0,0,0,0,0,0,5
372,COL,1,95,,377,79,16,3,4,47,30,27,0,35,4,3,4,5,7,3,0,0,0,0,0,0,5
372,SFG,2,61,,243,68,16,1,3,40,44,13,0,14,0,6,6,7,2,1,0,0,0,0,0,0,5
373,SEA,1,155,,594,98,35,1,20,62,86,46,1,110,5,4,2,9,13,5,0,0,0,0,0,0,5
374,LAA,1,1,,3,0,0,0,0,0,0,0,0,2,0,0,0,0,0,0,0,0,0,0,0,0,5
374,MIL,2,44,,148,32,4,3,0,19,14,13,3,21,0,1,1,1,7,1,0,0,0,0,0,0,5
375,BOS,1,48,,140,16,12,2,5,16,17,11,1,62,5,0,2,2,1,0,0,0,0,0,0,0,5
375,NYM,2,28,,79,11,2,0,3,7,10,5,2,27,3,0,0,0,0,0,0,0,0,0,0,0,5
376,TOR,1,49,,147,23,4,0,6,14,15,8,0,44,2,0,0,3,1,0,0,0,0,0,0,0,5
377,ATL,1,49,,166,35,8,2,3,17,19,12,1,21,1,3,0,5,1,0,0,0,0,0,0,0,5
378,OAK,1,125,,383,53,23,2,14,55,52,50,7,98,5,3,0,4,2,2,0,0,0,0,0,0,5
379,SEA,1,132,,483,72,14,0,19,49,51,49,2,111,1,2,0,12,1,0,0,0,0,0,0,0,5
380,TOR,1,10,,36,4,2,0,3,6,8,3,0,14,0,1,0,0,0,0,0,0,0,0,0,0,5
380,PIT,2,50,,128,25,5,1,1,17,9,14,0,34,1,2,0,2,2,0,0,0,0,0,0,0,5
381,HOU,1,76,,221,24,8,0,7,23,24,33,4,70,4,0,0,5,0,0,0,0,0,0,0,0,5
382,OAK,1,37,,102,11,3,1,2,8,7,5,0,17,0,0,1,1,2,0,0,0,0,0,0,0,5
383,MIA,1,93,,285,68,11,3,2,29,28,21,1,58,2,5,3,5,7,0,0,0,0,0,0,0,5
384,CHC,1,151,,561,80,33,2,32,68,108,44,5,153,7,3,0,18,6,2,0,0,0,0,0,0,5
385,CHC,1,52,,176,22,6,1,6,26,14,19,1,35,2,0,0,6,0,0,0,0,0,0,0,0,5
385,TEX,2,47,,148,18,6,0,5,19,25,11,0,41,1,2,2,6,1,0,0,0,0,0,0,0,5
386,MIN,1,128,,516,100,38,4,4,71,41,47,0,62,0,1,4,10,17,6,0,0,0,0,0,0,5
387,MIA,1,123,,449,62,30,1,37,75,86,46,9,143,5,1,0,5,6,2,0,0,0,0,0,0,5
388,NYY,1,55,,141,25,8,0,1,15,13,10,0,21,1,2,3,1,2,0,0,0,0,0,0,0,5
389,CHC,1,55,,179,24,5,2,5,16,17,21,4,46,2,0,0,5,0,3,0,0,0,0,0,0,5
390,CIN,1,136,,493,76,13,2,14,75,40,42,0,166,2,1,6,2,30,7,0,0,0,0,0,0,5
391,TBR,1,18,,48,9,4,0,0,2,6,2,0,16,1,0,0,0,0,0,0,0,0,0,0,0,5
391,PIT,2,24,,74,8,8,1,1,10,7,4,0,26,0,1,0,1,0,1,0,0,0,0,0,0,5
392,SEA,1,95,,402,81,15,5,4,49,28,17,4,40,0,4,0,10,15,2,0,0,0,0,0,0,5
392,NYY,2,67,,227,54,13,1,5,28,27,5,1,21,2,1,5,2,14,5,0,0,0,0,0,0,5
393,OAK,1,75,,262,41,15,0,1,19,18,9,0,53,3,2,2,3,1,0,0,0,0,0,0,0,5
393,WSN,2,43,,146,29,5,0,5,17,25,11,3,20,2,3,2,2,1,0,0,0,0,0,0,0,5
394,BOS,1,63,,204,32,19,2,0,22,16,12,0,43,1,1,1,1,0,0,0,0,0,0,0,0,5
395,NYY,1,148,,537,86,36,0,24,75,93,77,2,141,4,5,1,9,2,3,0,0,0,0,0,0,5
396,PIT,1,103,,333,55,20,3,3,43,16,29,0,58,6,0,6,7,8,12,0,0,0,0,0,0,5
397,NYY,1,123,,451,61,27,1,24,66,84,54,1,83,7,12,0,11,2,1,0,0,0,0,0,0,5
398,NYM,1,114,,464,107,26,0,1,53,25,27,0,73,5,2,3,9,4,4,0,0,0,0,0,0,5
399,TOR,1,46,,148,25,7,1,3,17,11,9,0,40,1,2,0,7,0,1,0,0,0,0,0,0,5
399,SEA,2,40,,123,14,5,2,6,10,14,6,0,47,0,0,1,0,1,0,0,0,0,0,0,0,5
400,SFG,1,104,,352,78,16,1,0,45,28,24,1,47,1,3,4,12,13,5,0,0,0,0,0,0,5
401,NYM,1,104,,321,59,15,0,1,24,21,27,6,50,1,1,4,12,0,0,0,0,0,0,0,0,5
402,PHI,1,30,,62,8,2,0,5,9,15,8,1,21,1,0,0,2,0,0,0,0,0,0,0,0,5
402,BAL,2,28,,101,18,5,0,3,8,10,14,2,40,0,0,0,4,0,0,0,0,0,0,0,0,5
403,TEX,1,49,,161,27,8,0,3,16,12,14,0,31,2,2,3,2,1,1,0,0,0,0,0,0,5
403,TOR,2,10,,28,5,0,0,1,3,2,2,0,7,0,0,0,0,0,0,0,0,0,0,0,0,5
403,MIL,3,5,,5,0,0,0,0,0,0,1,0,2,0,0,0,0,0,0,0,0,0,0,0,0,5
404,NYM,1,132,,374,59,17,7,3,47,35,52,2,90,3,2,1,9,13,5,0,0,0,0,0,0,5
405,WSN,1,73,,93,15,7,0,3,7,14,10,3,15,1,1,0,1,0,0,0,0,0,0,0,0,5
406,LAD,1,36,,103,12,3,1,2,11,10,14,2,29,2,2,1,2,1,1,0,0,0,0,0,0,5
407,LAA,1,139,,559,117,27,8,30,129,83,67,4,139,6,7,0,7,49,5,0,0,0,0,0,0,5
408,LAA,1,144,,544,92,19,3,32,66,95,36,3,153,4,2,0,12,4,5,0,0,0,0,0,0,5
409,COL,1,47,,181,34,8,2,8,33,27,19,1,19,2,1,0,7,2,2,0,0,0,0,0,0,5
410,NYM,1,94,,171,30,13,1,2,20,19,9,0,24,4,1,0,9,1,1,0,0,0,0,0,0,5
411,ATL,1,154,,523,67,29,0,19,86,78,94,5,168,10,3,0,8,4,3,0,0,0,0,0,0,5
412,TBR,1,146,,573,81,29,3,28,79,78,45,0,169,1,8,4,13,31,6,0,0,0,0,0,0,5
413,ARI,1,150,,554,110,24,4,17,107,67,63,5,121,5,6,0,7,18,8,0,0,0,0,0,0,5
414,LAD,1,66,,162,20,9,0,2,15,17,13,0,37,2,1,1,6,0,1,0,0,0,0,0,0,5
415,PHI,1,83,,301,49,15,2,11,48,45,43,7,43,12,6,0,4,11,1,0,0,0,0,0,0,5
416,CHC,1,90,,265,34,20,0,4,26,28,36,1,55,0,2,0,6,0,2,0,0,0,0,0,0,5
417,NYM,1,94,,191,28,9,1,8,28,26,10,0,44,2,0,3,2,10,3,0,0,0,0,0,0,5
418,CIN,1,77,,194,36,4,0,0,15,15,8,0,36,0,1,5,4,3,1,0,0,0,0,0,0,5
419,MIN,1,34,,126,16,6,1,2,13,17,3,0,32,0,3,0,5,0,1,0,0,0,0,0,0,5
419,BOS,2,10,,28,3,0,0,1,1,4,0,0,6,0,1,0,1,0,0,0,0,0,0,0,0,5
420,SDP,1,148,,417,67,26,8,9,62,45,41,2,94,5,2,5,2,24,6,0,0,0,0,0,0,5
421,CHW,1,147,,505,85,18,1,25,64,78,28,0,120,6,4,0,18,0,2,0,0,0,0,0,0,5
422,PHI,1,101,,387,70,17,5,9,46,40,35,1,49,2,2,5,4,24,4,0,0,0,0,0,0,5
422,LAD,2,53,,208,35,12,2,2,26,15,18,0,31,4,1,4,1,15,2,0,0,0,0,0,0,5
423,CHC,1,36,,99,8,2,0,2,7,5,7,0,33,2,1,0,6,2,0,0,0,0,0,0,0,5
424,TOR,1,60,,153,30,5,1,0,13,7,7,0,17,0,2,1,5,3,2,0,0,0,0,0,0,5
425,CIN,1,111,,374,68,44,0,14,59,56,94,18,85,5,2,0,8,5,3,0,0,0,0,0,0,5
426,PIT,1,129,,472,91,27,0,14,62,69,47,1,104,2,8,1,11,7,5,0,0,0,0,0,0,5
427,HOU,1,66,,229,38,10,1,9,24,24,18,1,73,6,1,0,2,0,0,0,0,0,0,0,0,5
428,OAK,1,118,,444,73,15,8,2,54,20,50,0,70,5,3,9,5,16,5,0,0,0,0,0,0,5
429,MIL,1,157,,588,81,29,4,21,85,63,74,2,169,13,2,0,9,16,3,0,0,0,0,0,0,5
430,SEA,1,93,,285,40,12,3,10,42,36,26,0,80,4,0,1,3,3,0,0,0,0,0,0,0,5
431,LAA,1,77,,243,36,9,0,11,36,29,16,0,35,1,2,0,5,3,1,0,0,0,0,0,0,5
432,WSN,1,81,,300,61,21,3,5,42,31,42,2,57,1,1,0,3,8,2,0,0,0,0,0,0,5
433,ARI,1,50,,109,18,6,1,1,11,10,9,0,22,0,1,0,4,1,0,0,0,0,0,0,0,5
434,BAL,1,144,,526,80,27,1,23,67,83,60,4,112,4,3,0,17,3,0,0,0,0,0,0,0,5
435,PHI,1,125,,315,52,11,0,11,40,43,37,2,81,2,6,0,5,1,0,0,0,0,0,0,0,5
436,MIN,1,145,,519,69,30,1,35,85,110,76,4,141,14,6,0,15,3,2,0,0,0,0,0,0,5
437,LAA,1,75,,171,28,5,0,3,19,13,15,0,33,1,1,13,7,0,0,0,0,0,0,0,0,5
438,NYY,1,56,,61,9,3,1,3,11,8,2,0,12,0,0,0,1,7,0,0,0,0,0,0,0,5
438,CHW,2,45,,163,29,7,1,5,20,22,9,0,40,1,3,0,1,12,4,0,0,0,0,0,0,5
439,NYM,1,156,,581,114,41,2,21,91,93,81,16,112,3,5,0,15,15,10,0,0,0,0,0,0,5
440,BOS,1,42,,146,22,7,1,4,25,14,14,0,39,4,1,0,4,0,0,0,0,0,0,0,0,5
440,CHW,2,80,,292,45,8,1,15,47,46,37,2,69,13,2,0,6,0,0,0,0,0,0,0,0,5
441,ARI,1,101,,325,37,24,0,14,36,41,36,0,79,2,0,0,4,8,3,0,0,0,0,0,0,5
441,NYM,2,20,,31,2,2,0,0,0,2,1,0,11,0,0,4,0,0,0,0,0,0,0,0,0,5
442,DET,1,151,,574,107,27,1,18,54,74,20,1,112,7,7,0,20,0,2,0,0,0,0,0,0,5
443,COL,1,98,,174,42,7,2,4,36,15,13,0,31,4,0,5,1,14,2,0,0,0,0,0,0,5
444,TEX,1,156,,611,131,27,3,8,79,67,33,3,70,1,6,0,26,2,2,0,0,0,0,0,0,5
445,WSN,1,145,,578,101,36,1,25,93,95,57,8,116,2,4,0,20,5,2,0,0,0,0,0,0,5
446,TBR,1,157,,560,85,39,7,20,88,74,97,7,103,3,6,2,13,14,9,0,0,0,0,0,0,5
